"movie_id","movie_name","movie_distributor","movie_genre"
"Comedy_2000_1","Meet the Parents","Universal","Comedy"
"Comedy_2000_2","Scary Movie","Miramax/Dimension","Comedy"
"Comedy_2000_3","Nutty Professor II: The Klumps","Universal","Comedy"
"Comedy_2000_4","Big Momma's House","20th Century Fox","Comedy"
"Comedy_2000_5","The Kid","Walt Disney","Comedy"
"Comedy_2000_6","Road Trip","Dreamworks SKG","Comedy"
"Comedy_2000_7","Bring it On","Universal","Comedy"
"Comedy_2000_8","The Whole Nine Yards","Warner Bros.","Comedy"
"Comedy_2000_9","Next Friday","New Line","Comedy"
"Comedy_2000_10","Miss Congeniality","Warner Bros.","Comedy"
"Comedy_2000_11","The Replacements","Warner Bros.","Comedy"
"Comedy_2000_12","The Family Man","Universal","Comedy"
"Comedy_2000_13","Little Nicky","New Line","Comedy"
"Comedy_2000_14","Bedazzled","20th Century Fox","Comedy"
"Comedy_2000_15","28 Days","Sony Pictures","Comedy"
"Comedy_2000_16","Hanging Up","Sony Pictures","Comedy"
"Comedy_2000_17","Dude, Where's My Car?","20th Century Fox","Comedy"
"Comedy_2000_18","Almost Famous","Dreamworks SKG","Comedy"
"Comedy_2000_19","High Fidelity","Walt Disney","Comedy"
"Comedy_2000_20","Wonder Boys","Paramount Pictures","Comedy"
"Comedy_2000_21","Deuce Bigalow: Male Gigolo","Walt Disney","Comedy"
"Comedy_2000_22","Small Time Crooks","Dreamworks SKG","Comedy"
"Comedy_2000_23","Best in Show","Warner Bros.","Comedy"
"Comedy_2000_24","Drowning Mona","Destination Films","Comedy"
"Comedy_2000_25","The Ladies Man","Paramount Pictures","Comedy"
"Comedy_2000_26","The Crew","Walt Disney","Comedy"
"Comedy_2000_27","Ready to Rumble","Warner Bros.","Comedy"
"Comedy_2000_28","Saving Grace","Fine Line","Comedy"
"Comedy_2000_29","Lucky Numbers","Paramount Pictures","Comedy"
"Comedy_2000_30","3 Strikes","MGM","Comedy"
"Comedy_2000_31","Play it to the Bone","Walt Disney","Comedy"
"Comedy_2000_32","Screwed","Universal","Comedy"
"Comedy_2000_33","What Planet Are You From?","Sony Pictures","Comedy"
"Comedy_2000_34","Where the Money Is","USA Films","Comedy"
"Comedy_2000_35","Held Up","Trimark","Comedy"
"Comedy_2000_36","East is East","Miramax","Comedy"
"Comedy_2000_37","Whipped","Destination Films","Comedy"
"Comedy_2000_38","Isn't She Great","Universal","Comedy"
"Comedy_2000_39","But I'm a Cheerleader","Lionsgate","Comedy"
"Comedy_2000_40","O Brother, Where Art Thou?","Walt Disney","Comedy"
"Comedy_2000_41","La Vie Après L'Amour","Alliance Films","Comedy"
"Comedy_2000_42","The Broken Hearts Club: A R…","Sony Pictures Cla…","Comedy"
"Comedy_2000_43","Dogma","Lionsgate","Comedy"
"Comedy_2000_44","Gun Shy","Walt Disney","Comedy"
"Comedy_2000_45","State and Main","Fine Line","Comedy"
"Comedy_2000_46","Groove","Sony Pictures Cla…","Comedy"
"Comedy_2000_47","Catfish in Black Bean Sauce","Phaedra Cinema","Comedy"
"Comedy_2000_48","The Cup","Fine Line","Comedy"
"Comedy_2000_49","Simpatico","Phaedra Cinema","Comedy"
"Comedy_2000_50","New Waterford Girl","Alliance Films","Comedy"
"Comedy_2000_51","A Hard Day's Night","Universal","Comedy"
"Comedy_2000_52","Superstar","Paramount Pictures","Comedy"
"Comedy_2000_53","Luminarias","","Comedy"
"Comedy_2000_54","Smiling Fish and Goat on Fire","","Comedy"
"Comedy_2000_55","Psycho Beach Party","","Comedy"
"Comedy_2000_56","Beautiful People","Trimark","Comedy"
"Comedy_2000_57","The Closer You Get","","Comedy"
"Comedy_2000_58","The Discreet Charm of the B…","","Comedy"
"Comedy_2000_59","The Big Tease","Warner Bros.","Comedy"
"Comedy_2000_60","La Bûche","Empire Pictures","Comedy"
"Comedy_2000_61","Laura Cadieux .. La Suite","Alliance Films","Comedy"
"Comedy_2000_62","Agnes Browne","USA Films","Comedy"
"Comedy_2000_63","Bedrooms and Hallways","First Run Features","Comedy"
"Comedy_2000_64","Adorenarin doraibu","Shooting Gallery","Comedy"
"Comedy_2000_65","Blue Moon","Castle Hill Produ…","Comedy"
"Comedy_2000_66","Diamonds","Miramax","Comedy"
"Comedy_2000_67","An Everlasting Piece","Dreamworks SKG","Comedy"
"Comedy_2000_68","La Bouteille","Lionsgate","Comedy"
"Comedy_2000_69","Billy Liar","Rialto Pictures","Comedy"
"Comedy_2000_70","The Saragossa Manuscript","Cowboy Pictures","Comedy"
"Comedy_2000_71","Drive Me Crazy","20th Century Fox","Comedy"
"Comedy_2000_72","Bootmen","Fox Searchlight","Comedy"
"Comedy_2000_73","2 Männer, 2 Frauen - 4 Prob…","","Comedy"
"Comedy_2000_74","30 Days","Arrow Releasing","Comedy"
"Comedy_2000_75","Aïe","","Comedy"
"Comedy_2000_76","Mookie","","Comedy"
"Comedy_2000_77","Les convoyeurs attendent","Samuel Goldwyn Films","Comedy"
"Comedy_2000_78","Edge of Seventeen","Strand","Comedy"
"Comedy_2000_79","Chutney Popcorn","First Look","Comedy"
"Comedy_2000_80","L'Homme Nu","","Comedy"
"Comedy_2000_81","Better Living","","Comedy"
"Comedy_2001_1","American Pie 2","Universal","Comedy"
"Comedy_2001_2","The Princess Diaries","Walt Disney","Comedy"
"Comedy_2001_3","Legally Blonde","MGM","Comedy"
"Comedy_2001_4","Cats & Dogs","Warner Bros.","Comedy"
"Comedy_2001_5","Scary Movie 2","Miramax/Dimension","Comedy"
"Comedy_2001_6","Miss Congeniality","Warner Bros.","Comedy"
"Comedy_2001_7","Rat Race","Paramount Pictures","Comedy"
"Comedy_2001_8","The Animal","Sony Pictures","Comedy"
"Comedy_2001_9","Zoolander","Paramount Pictures","Comedy"
"Comedy_2001_10","O Brother, Where Art Thou?","Walt Disney","Comedy"
"Comedy_2001_11","Bandits","MGM","Comedy"
"Comedy_2001_12","Heartbreakers","MGM","Comedy"
"Comedy_2001_13","Evolution","Dreamworks SKG","Comedy"
"Comedy_2001_14","Not Another Teen Movie","Sony Pictures","Comedy"
"Comedy_2001_15","The Family Man","Universal","Comedy"
"Comedy_2001_16","What's the Worst That Could…","MGM","Comedy"
"Comedy_2001_17","Jay and Silent Bob Strike Back","Miramax/Dimension","Comedy"
"Comedy_2001_18","The Brothers","Sony Pictures","Comedy"
"Comedy_2001_19","Joe Dirt","Sony Pictures","Comedy"
"Comedy_2001_20","How High","Universal","Comedy"
"Comedy_2001_21","Corky Romano","Walt Disney","Comedy"
"Comedy_2001_22","Kingdom Come","Fox Searchlight","Comedy"
"Comedy_2001_23","Joe Somebody","20th Century Fox","Comedy"
"Comedy_2001_24","Summer Catch","Warner Bros.","Comedy"
"Comedy_2001_25","Saving Silverman","Sony Pictures","Comedy"
"Comedy_2001_26","Josie and the Pussycats","Universal","Comedy"
"Comedy_2001_27","Freddy Got Fingered","20th Century Fox","Comedy"
"Comedy_2001_28","Out Cold","Walt Disney","Comedy"
"Comedy_2001_29","Tomcats","Sony Pictures","Comedy"
"Comedy_2001_30","Sugar and Spice","New Line","Comedy"
"Comedy_2001_31","Dude, Where's My Car?","20th Century Fox","Comedy"
"Comedy_2001_32","The Wash","Lionsgate","Comedy"
"Comedy_2001_33","The Curse of the Jade Scorpion","Dreamworks SKG","Comedy"
"Comedy_2001_34","Le Placard","Miramax","Comedy"
"Comedy_2001_35","Ghost World","MGM","Comedy"
"Comedy_2001_36","Say It Isn't So","20th Century Fox","Comedy"
"Comedy_2001_37","Monkeybone","20th Century Fox","Comedy"
"Comedy_2001_38","State and Main","Fine Line","Comedy"
"Comedy_2001_39","Made","Artisan","Comedy"
"Comedy_2001_40","Pane e tulipani","First Look","Comedy"
"Comedy_2001_41","Bubble Boy","Walt Disney","Comedy"
"Comedy_2001_42","Meet the Parents","Universal","Comedy"
"Comedy_2001_43","Just Visiting","Walt Disney","Comedy"
"Comedy_2001_44","Tortilla Soup","IDP Distribution","Comedy"
"Comedy_2001_45","Pootie Tang","Paramount Pictures","Comedy"
"Comedy_2001_46","Monty Python and the Holy G…","","Comedy"
"Comedy_2001_47","Sidewalks of New York","Paramount Vantage","Comedy"
"Comedy_2001_48","Escanaba in Da Moonlight","Purple Rose Films","Comedy"
"Comedy_2001_49","The Dish","Warner Bros.","Comedy"
"Comedy_2001_50","Gosford Park","USA Films","Comedy"
"Comedy_2001_51","Novocaine","Artisan","Comedy"
"Comedy_2001_52","Best in Show","Warner Bros.","Comedy"
"Comedy_2001_53","Greenfingers","IDP Distribution","Comedy"
"Comedy_2001_54","Nuit de Noces","Seville","Comedy"
"Comedy_2001_55","The Debut","Menemsha Entertai…","Comedy"
"Comedy_2001_56","Les Boys III","Lionsgate","Comedy"
"Comedy_2001_57","Blow Dry","Miramax","Comedy"
"Comedy_2001_58","Little Nicky","New Line","Comedy"
"Comedy_2001_59","Almost Famous","Dreamworks SKG","Comedy"
"Comedy_2001_60","A Hard Day's Night","Universal","Comedy"
"Comedy_2001_61","Bedazzled","20th Century Fox","Comedy"
"Comedy_2001_62","Drôle de Félix","WinStar Cinema","Comedy"
"Comedy_2001_63","Me You Them","","Comedy"
"Comedy_2001_64","Wet Hot American Summer","","Comedy"
"Comedy_2001_65","Catfish in Black Bean Sauce","Phaedra Cinema","Comedy"
"Comedy_2001_66","Funny Girl","Columbia","Comedy"
"Comedy_2001_67","Fast Food, Fast Women","","Comedy"
"Comedy_2001_68","About Adam","Miramax","Comedy"
"Comedy_2001_69","La Bûche","Empire Pictures","Comedy"
"Comedy_2001_70","Company Man","","Comedy"
"Comedy_2001_71","Sordid Lives","Regent Releasing","Comedy"
"Comedy_2001_72","Lisa Picard is Famous","","Comedy"
"Comedy_2001_73","101 Reykjavík","","Comedy"
"Comedy_2001_74","Wonder Boys","Paramount Pictures","Comedy"
"Comedy_2001_75","Hit & Runway","","Comedy"
"Comedy_2001_76","La Ciénaga","","Comedy"
"Comedy_2001_77","Beautiful Creatures","Focus Features","Comedy"
"Comedy_2001_78","The Broken Hearts Club: A R…","Sony Pictures Cla…","Comedy"
"Comedy_2001_79","Nationale 7","","Comedy"
"Comedy_2001_80","An Everlasting Piece","Dreamworks SKG","Comedy"
"Comedy_2001_81","Born Romantic","MGM","Comedy"
"Comedy_2001_82","Amy","","Comedy"
"Comedy_2001_83","Blue Moon","Castle Hill Produ…","Comedy"
"Comedy_2001_84","Psycho Beach Party","","Comedy"
"Comedy_2001_85","Rat","","Comedy"
"Comedy_2001_86","R2PC: Road to Park City","","Comedy"
"Comedy_2001_87","Geboren in Absurdistan","","Comedy"
"Comedy_2001_88","Luminarias","","Comedy"
"Comedy_2001_89","Aïe","","Comedy"
"Comedy_2002_1","Austin Powers in Goldmember","New Line","Comedy"
"Comedy_2002_2","Mr. Deeds","Sony Pictures","Comedy"
"Comedy_2002_3","Sweet Home Alabama","Walt Disney","Comedy"
"Comedy_2002_4","Barbershop","MGM","Comedy"
"Comedy_2002_5","The Divine Secrets of the Y…","Warner Bros.","Comedy"
"Comedy_2002_6","Drumline","20th Century Fox","Comedy"
"Comedy_2002_7","Orange County","Paramount Pictures","Comedy"
"Comedy_2002_8","Gosford Park","USA Films","Comedy"
"Comedy_2002_9","Undercover Brother","Universal","Comedy"
"Comedy_2002_10","Showtime","Warner Bros.","Comedy"
"Comedy_2002_11","Friday After Next","New Line","Comedy"
"Comedy_2002_12","Analyze That","Warner Bros.","Comedy"
"Comedy_2002_13","The Banger Sisters","20th Century Fox","Comedy"
"Comedy_2002_14","The Hot Chick","Walt Disney","Comedy"
"Comedy_2002_15","The New Guy","Sony Pictures","Comedy"
"Comedy_2002_16","All About the Benjamins","New Line","Comedy"
"Comedy_2002_17","National Lampoon’s Van Wild…","Artisan","Comedy"
"Comedy_2002_18","Super Troopers","Fox Searchlight","Comedy"
"Comedy_2002_19","Punch-Drunk Love","Sony Pictures","Comedy"
"Comedy_2002_20","Eight Legged Freaks","Warner Bros.","Comedy"
"Comedy_2002_21","Kung Pow: Enter the Fist","20th Century Fox","Comedy"
"Comedy_2002_22","Stealing Harvard","Sony Pictures","Comedy"
"Comedy_2002_23","Monsoon Wedding","USA Films","Comedy"
"Comedy_2002_24","Juwanna Mann","Warner Bros.","Comedy"
"Comedy_2002_25","Sorority Boys","Walt Disney","Comedy"
"Comedy_2002_26","S1m0ne","New Line","Comedy"
"Comedy_2002_27","The Importance of Being Ear…","Miramax","Comedy"
"Comedy_2002_28","Big Trouble","Walt Disney","Comedy"
"Comedy_2002_29","How High","Universal","Comedy"
"Comedy_2002_30","Adaptation","Sony Pictures","Comedy"
"Comedy_2002_31","Real Women Have Curves","Newmarket Films","Comedy"
"Comedy_2002_32","Slackers","Sony Pictures","Comedy"
"Comedy_2002_33","Igby Goes Down","MGM","Comedy"
"Comedy_2002_34","Italian for Beginners","Miramax","Comedy"
"Comedy_2002_35","The Adventures of Pluto Nash","Warner Bros.","Comedy"
"Comedy_2002_36","Men with Brooms","Artisan","Comedy"
"Comedy_2002_37","Mostly Martha (Drei Sterne)","Paramount Vantage","Comedy"
"Comedy_2002_38","Joe Somebody","20th Century Fox","Comedy"
"Comedy_2002_39","Tadpole","Miramax","Comedy"
"Comedy_2002_40","Not Another Teen Movie","Sony Pictures","Comedy"
"Comedy_2002_41","Full Frontal","Miramax","Comedy"
"Comedy_2002_42","The Man from Elysian Fields","Samuel Goldwyn Films","Comedy"
"Comedy_2002_43","The Singles Ward","Halestorm Enterta…","Comedy"
"Comedy_2002_44","My Wife is an Actress (Ma F…","Sony Pictures Cla…","Comedy"
"Comedy_2002_45","Sordid Lives","Regent Releasing","Comedy"
"Comedy_2002_46","Human Nature","Fine Line","Comedy"
"Comedy_2002_47","The Debut","Menemsha Entertai…","Comedy"
"Comedy_2002_48","Son of the Bride","Sony Pictures Cla…","Comedy"
"Comedy_2002_49","Charly","Excel Entertainment","Comedy"
"Comedy_2002_50","Welcome to Collinwood","Warner Bros.","Comedy"
"Comedy_2002_51","Elling","","Comedy"
"Comedy_2002_52","Pumpkin","MGM","Comedy"
"Comedy_2002_53","The Château","IFC Films","Comedy"
"Comedy_2002_54","Out Cold","Walt Disney","Comedy"
"Comedy_2002_55","Corky Romano","Walt Disney","Comedy"
"Comedy_2002_56","Monty Python and the Holy G…","","Comedy"
"Comedy_2002_57","Cherish","Fine Line","Comedy"
"Comedy_2002_58","Bartleby","Outrider Pictures","Comedy"
"Comedy_2002_59","American Chai","Magic Lamp","Comedy"
"Comedy_2002_60","The Producers","","Comedy"
"Comedy_2002_61","Bandits","MGM","Comedy"
"Comedy_2002_62","Pane e tulipani","First Look","Comedy"
"Comedy_2002_63","Ghost World","MGM","Comedy"
"Comedy_2002_64","Spooky House","","Comedy"
"Comedy_2002_65","God is Great, I'm Not","","Comedy"
"Comedy_2002_66","Manna From Heaven","Five Sisters Prod…","Comedy"
"Comedy_2002_67","The Wash","Lionsgate","Comedy"
"Comedy_2002_68","Sidewalks of New York","Paramount Vantage","Comedy"
"Comedy_2002_69","Lucky Break","Paramount Pictures","Comedy"
"Comedy_2002_70","La Ciénaga","","Comedy"
"Comedy_2002_71","All the Queen's Men","Strand","Comedy"
"Comedy_2002_72","The Princess Diaries","Walt Disney","Comedy"
"Comedy_2002_73","30 Years to Life","","Comedy"
"Comedy_2002_74","The Mesmerist","","Comedy"
"Comedy_2002_75","The Next Big Thing","","Comedy"
"Comedy_2002_76","Zoolander","Paramount Pictures","Comedy"
"Comedy_2002_77","La Bûche","Empire Pictures","Comedy"
"Comedy_2002_78","The Phantom of Liberty","","Comedy"
"Comedy_2002_79","The Wetonkawa Flash","Indican Pictures","Comedy"
"Comedy_2002_80","Drôle de Félix","WinStar Cinema","Comedy"
"Comedy_2002_81","Secret Society","","Comedy"
"Comedy_2002_82","The 4th Tenor","","Comedy"
"Comedy_2002_83","Dead or Alive","","Comedy"
"Comedy_2002_84","Besotted","Artistic License","Comedy"
"Comedy_2002_85","Hit & Runway","","Comedy"
"Comedy_2003_1","Bruce Almighty","Universal","Comedy"
"Comedy_2003_2","Elf","New Line","Comedy"
"Comedy_2003_3","Anger Management","Sony Pictures","Comedy"
"Comedy_2003_4","Bringing Down the House","Walt Disney","Comedy"
"Comedy_2003_5","Freaky Friday","Walt Disney","Comedy"
"Comedy_2003_6","Scary Movie 3","Miramax/Dimension","Comedy"
"Comedy_2003_7","American Wedding","Universal","Comedy"
"Comedy_2003_8","Daddy Day Care","Sony Pictures","Comedy"
"Comedy_2003_9","Legally Blonde 2: Red, Whit…","MGM","Comedy"
"Comedy_2003_10","Cheaper by the Dozen","20th Century Fox","Comedy"
"Comedy_2003_11","School of Rock","Paramount Pictures","Comedy"
"Comedy_2003_12","Old School","Dreamworks SKG","Comedy"
"Comedy_2003_13","Under the Tuscan Sun","Walt Disney","Comedy"
"Comedy_2003_14","Head of State","Dreamworks SKG","Comedy"
"Comedy_2003_15","Uptown Girls","MGM","Comedy"
"Comedy_2003_16","Matchstick Men","Warner Bros.","Comedy"
"Comedy_2003_17","What a Girl Wants","Warner Bros.","Comedy"
"Comedy_2003_18","Malibu's Most Wanted","Warner Bros.","Comedy"
"Comedy_2003_19","Bend it Like Beckham","Fox Searchlight","Comedy"
"Comedy_2003_20","Stuck On You","20th Century Fox","Comedy"
"Comedy_2003_21","The Fighting Temptations","Paramount Pictures","Comedy"
"Comedy_2003_22","Dumb and Dumberer: When Har…","New Line","Comedy"
"Comedy_2003_23","Dickie Roberts: Former Chil…","Paramount Pictures","Comedy"
"Comedy_2003_24","The Medallion","Sony Pictures","Comedy"
"Comedy_2003_25","The In-Laws","Warner Bros.","Comedy"
"Comedy_2003_26","A Mighty Wind","Warner Bros.","Comedy"
"Comedy_2003_27","Adaptation","Sony Pictures","Comedy"
"Comedy_2003_28","View from the Top","Miramax","Comedy"
"Comedy_2003_29","Duplex","Miramax","Comedy"
"Comedy_2003_30","Mambo Italiano","Goldwyn Entertain…","Comedy"
"Comedy_2003_31","Le Divorce","Fox Searchlight","Comedy"
"Comedy_2003_32","Drumline","20th Century Fox","Comedy"
"Comedy_2003_33","Boat Trip","Artisan","Comedy"
"Comedy_2003_34","La Grande Seduction","Odeon Films","Comedy"
"Comedy_2003_35","It Runs in the Family","MGM","Comedy"
"Comedy_2003_36","Calendar Girls","Walt Disney","Comedy"
"Comedy_2003_37","Chasing Papi","20th Century Fox","Comedy"
"Comedy_2003_38","The Hot Chick","Walt Disney","Comedy"
"Comedy_2003_39","The Guru","Universal","Comedy"
"Comedy_2003_40","Pieces of April","MGM","Comedy"
"Comedy_2003_41","Marci X","Paramount Pictures","Comedy"
"Comedy_2003_42","Camp","IFC Films","Comedy"
"Comedy_2003_43","Analyze That","Warner Bros.","Comedy"
"Comedy_2003_44","Bubba Ho-Tep","Vitagraph Films","Comedy"
"Comedy_2003_45","Sweet Home Alabama","Walt Disney","Comedy"
"Comedy_2003_46","The R.M.","Halestone","Comedy"
"Comedy_2003_47","The Man Without a Past","Sony Pictures Cla…","Comedy"
"Comedy_2003_48","Party Monster","ContentFilm","Comedy"
"Comedy_2003_49","Friday After Next","New Line","Comedy"
"Comedy_2003_50","Pere et Fils","Odeon Films","Comedy"
"Comedy_2003_51","Barbershop","MGM","Comedy"
"Comedy_2003_52","Real Women Have Curves","Newmarket Films","Comedy"
"Comedy_2003_53","Manna From Heaven","Five Sisters Prod…","Comedy"
"Comedy_2003_54","Buffalo Soldiers","Miramax","Comedy"
"Comedy_2003_55","The Lawless Heart","","Comedy"
"Comedy_2003_56","The Singing Detective","Paramount Pictures","Comedy"
"Comedy_2003_57","The Trip","","Comedy"
"Comedy_2003_58","Annie Brocoli dans les fond…","","Comedy"
"Comedy_2003_59","The Battle of Shaker Heights","Miramax","Comedy"
"Comedy_2003_60","Foolproof","","Comedy"
"Comedy_2003_61","Charly","Excel Entertainment","Comedy"
"Comedy_2003_62","Chaos","New Yorker","Comedy"
"Comedy_2003_63","Sordid Lives","Regent Releasing","Comedy"
"Comedy_2003_64","Pride and Prejudice","Excel Entertainment","Comedy"
"Comedy_2003_65","Bon Voyage!","Walt Disney","Comedy"
"Comedy_2003_66","Super Sucker","","Comedy"
"Comedy_2003_67","Ek Aur Ek Gyarah","Eros Entertainment","Comedy"
"Comedy_2003_68","Green Card Fever","","Comedy"
"Comedy_2003_69","Almost Salinas","","Comedy"
"Comedy_2003_70","A Woman is a Woman","","Comedy"
"Comedy_2003_71","Igby Goes Down","MGM","Comedy"
"Comedy_2003_72","Babí léto","First Look","Comedy"
"Comedy_2003_73","30 Years to Life","","Comedy"
"Comedy_2003_74","Tadpole","Miramax","Comedy"
"Comedy_2003_75","Modern Times","Kino International","Comedy"
"Comedy_2003_76","Monty Python and the Holy G…","","Comedy"
"Comedy_2003_77","The Man from Elysian Fields","Samuel Goldwyn Films","Comedy"
"Comedy_2003_78","Hotel","","Comedy"
"Comedy_2003_79","Teknolust","","Comedy"
"Comedy_2003_80","18 ans après","","Comedy"
"Comedy_2003_81","Nine Dead Gay Guys","TLA Releasing","Comedy"
"Comedy_2003_82","Mostly Martha (Drei Sterne)","Paramount Vantage","Comedy"
"Comedy_2003_83","The Anarchist Cookbook","Innovation Film G…","Comedy"
"Comedy_2003_84","Martin and Orloff","Spit and Glue","Comedy"
"Comedy_2003_85","The Work and the Story","Off-Hollywood Dis…","Comedy"
"Comedy_2003_86","Da wan","Sony Pictures Cla…","Comedy"
"Comedy_2003_87","The Producers","","Comedy"
"Comedy_2004_1","Meet the Fockers","Universal","Comedy"
"Comedy_2004_2","Dodgeball: A True Underdog …","20th Century Fox","Comedy"
"Comedy_2004_3","Starsky & Hutch","Warner Bros.","Comedy"
"Comedy_2004_4","Mean Girls","Paramount Pictures","Comedy"
"Comedy_2004_5","Anchorman: The Legend of Ro…","Dreamworks SKG","Comedy"
"Comedy_2004_6","Christmas with the Kranks","Sony Pictures","Comedy"
"Comedy_2004_7","White Chicks","Sony Pictures","Comedy"
"Comedy_2004_8","Barbershop 2: Back in Business","MGM","Comedy"
"Comedy_2004_9","Without a Paddle","Paramount Pictures","Comedy"
"Comedy_2004_10","Cheaper by the Dozen","20th Century Fox","Comedy"
"Comedy_2004_11","Napoleon Dynamite","Fox Searchlight","Comedy"
"Comedy_2004_12","Raising Helen","Walt Disney","Comedy"
"Comedy_2004_13","Eternal Sunshine of the Spo…","Focus Features","Comedy"
"Comedy_2004_14","Fat Albert","20th Century Fox","Comedy"
"Comedy_2004_15","Team America: World Police","Paramount Pictures","Comedy"
"Comedy_2004_16","Johnson Family Vacation","Fox Searchlight","Comedy"
"Comedy_2004_17","Spanglish","Sony Pictures","Comedy"
"Comedy_2004_18","Confessions of a Teenage Dr…","Walt Disney","Comedy"
"Comedy_2004_19","Jersey Girl","Miramax","Comedy"
"Comedy_2004_20","Calendar Girls","Walt Disney","Comedy"
"Comedy_2004_21","Ella Enchanted","Miramax","Comedy"
"Comedy_2004_22","Mr. 3000","Walt Disney","Comedy"
"Comedy_2004_23","Life of Brian","Warner Bros.","Comedy"
"Comedy_2004_24","Harold & Kumar Go to White …","New Line","Comedy"
"Comedy_2004_25","Eurotrip","Dreamworks SKG","Comedy"
"Comedy_2004_26","My Baby's Daddy","Miramax","Comedy"
"Comedy_2004_27","The Whole Ten Yards","Warner Bros.","Comedy"
"Comedy_2004_28","The Life Aquatic with Steve…","Walt Disney","Comedy"
"Comedy_2004_29","Welcome to Mooseport","20th Century Fox","Comedy"
"Comedy_2004_30","New York Minute","Warner Bros.","Comedy"
"Comedy_2004_31","Soul Plane","MGM","Comedy"
"Comedy_2004_32","Envy","Dreamworks SKG","Comedy"
"Comedy_2004_33","Shaun of the Dead","Focus/Rogue Pictures","Comedy"
"Comedy_2004_34","Alfie","Paramount Pictures","Comedy"
"Comedy_2004_35","I Heart Huckabees","Fox Searchlight","Comedy"
"Comedy_2004_36","The Cookout","Lionsgate","Comedy"
"Comedy_2004_37","Surviving Christmas","Dreamworks SKG","Comedy"
"Comedy_2004_38","The Perfect Score","Paramount Pictures","Comedy"
"Comedy_2004_39","Saved!","MGM","Comedy"
"Comedy_2004_40","Connie and Carla","Universal","Comedy"
"Comedy_2004_41","The Big Bounce","Warner Bros.","Comedy"
"Comedy_2004_42","Club Dread","Fox Searchlight","Comedy"
"Comedy_2004_43","A Day Without a Mexican","Televisa Cine","Comedy"
"Comedy_2004_44","Good Bye, Lenin!","Sony Pictures Cla…","Comedy"
"Comedy_2004_45","Camping Sauvage","Alliance Films","Comedy"
"Comedy_2004_46","Stuck On You","20th Century Fox","Comedy"
"Comedy_2004_47","Elf","New Line","Comedy"
"Comedy_2004_48","Bon Voyage","Sony Pictures","Comedy"
"Comedy_2004_49","Dans une galaxie près de ch…","Distributor Unknown","Comedy"
"Comedy_2004_50","Coffee and Cigarettes","MGM","Comedy"
"Comedy_2004_51","La Grande Seduction","Odeon Films","Comedy"
"Comedy_2004_52","A Dirty Shame","Fine Line","Comedy"
"Comedy_2004_53","The Best Two Years","Halestorm Enterta…","Comedy"
"Comedy_2004_54","School of Rock","Paramount Pictures","Comedy"
"Comedy_2004_55","Bright Young Things","ThinkFilm","Comedy"
"Comedy_2004_56","Intermission","IFC Films","Comedy"
"Comedy_2004_57","Shaolin Soccer","Miramax","Comedy"
"Comedy_2004_58","The Last Shot","Walt Disney","Comedy"
"Comedy_2004_59","Scary Movie 3","Miramax/Dimension","Comedy"
"Comedy_2004_60","National Lampoon's Gold Dig…","P&A Releasing","Comedy"
"Comedy_2004_61","How to Get the Man's Foot O…","Sony Pictures Cla…","Comedy"
"Comedy_2004_62","She Hate Me","Sony Pictures","Comedy"
"Comedy_2004_63","Kitchen Stories","IFC Films","Comedy"
"Comedy_2004_64","Hair Show","Innovation Film G…","Comedy"
"Comedy_2004_65","Under the Tuscan Sun","Walt Disney","Comedy"
"Comedy_2004_66","Los novios búlgaros","TLA Releasing","Comedy"
"Comedy_2004_67","Wilbur Wants to Kill Himself","ThinkFilm","Comedy"
"Comedy_2004_68","In Good Company","Universal","Comedy"
"Comedy_2004_69","Remember Me, My Love","IDP Distribution","Comedy"
"Comedy_2004_70","Pride and Prejudice","Excel Entertainment","Comedy"
"Comedy_2004_71","Tais Toi","","Comedy"
"Comedy_2004_72","The Home Teachers","Halestorm Enterta…","Comedy"
"Comedy_2004_73","Danny Deckchair","Lionsgate","Comedy"
"Comedy_2004_74","Two Men Went to War","Indican Pictures","Comedy"
"Comedy_2004_75","Baptists At Our Barbecue","Film Movement","Comedy"
"Comedy_2004_76","Pieces of April","MGM","Comedy"
"Comedy_2004_77","The Lost Skeleton of Cadavra","","Comedy"
"Comedy_2004_78","Hulchul","","Comedy"
"Comedy_2004_79","Ha-Kochavim Shel Shlomi","Strand","Comedy"
"Comedy_2004_80","Modern Times","Kino International","Comedy"
"Comedy_2004_81","Annie Brocoli dans les fond…","","Comedy"
"Comedy_2004_82","My Mother Likes Women","Norador Productions","Comedy"
"Comedy_2004_83","The Seagull's Laughter","Cinema Guild","Comedy"
"Comedy_2004_84","Hollywood Buddha","Northern Arts Ent…","Comedy"
"Comedy_2004_85","Eulogy","Artisan","Comedy"
"Comedy_2004_86","Cachorro","TLA Releasing","Comedy"
"Comedy_2004_87","Un couple épatant","Magnolia Pictures","Comedy"
"Comedy_2004_88","Freaky Friday","Walt Disney","Comedy"
"Comedy_2004_89","Justice","Jujitsu Films","Comedy"
"Comedy_2004_90","Vodka Lemon","New Yorker","Comedy"
"Comedy_2004_91","Sex is Comedy","IFC Films","Comedy"
"Comedy_2004_92","Showboy","Regent Releasing","Comedy"
"Comedy_2004_93","Cowboys and Angels","TLA Releasing","Comedy"
"Comedy_2004_94","Last Life in the Universe","","Comedy"
"Comedy_2004_95","Chooch","Artistic License","Comedy"
"Comedy_2004_96","The Raspberry Reich","Strand","Comedy"
"Comedy_2004_97","Bubba Ho-Tep","Vitagraph Films","Comedy"
"Comedy_2004_98","A Foreign Affair","Innovation Film G…","Comedy"
"Comedy_2004_99","A Fish Without a Bicycle","Newmark/Echelon Ent.","Comedy"
"Comedy_2004_100","Fear and Trembling","Cinema Guild","Comedy"
"Comedy_2004_101","Frankie & Johnny Are Married","IFC Films","Comedy"
"Comedy_2004_102","Dopo mezzanotte","Avatar","Comedy"
"Comedy_2004_103","Martin and Orloff","Spit and Glue","Comedy"
"Comedy_2004_104","Merci Docteur Rey","Regent Releasing","Comedy"
"Comedy_2004_105","Straight-Jacket","Regent Releasing","Comedy"
"Comedy_2004_106","You, I Love (Ya lyublu tebya)","Picture This Ente…","Comedy"
"Comedy_2004_107","Off the Lip","Hannover House","Comedy"
"Comedy_2004_108","Party Monster","ContentFilm","Comedy"
"Comedy_2004_109","The Singing Detective","Paramount Pictures","Comedy"
"Comedy_2004_110","Wasabi Tuna","Indican Pictures","Comedy"
"Comedy_2004_111","The Work and the Story","Off-Hollywood Dis…","Comedy"
"Comedy_2004_112","My Wife Maurice","TLA Releasing","Comedy"
"Comedy_2004_113","Stella Street","Strand","Comedy"
"Comedy_2004_114","The Green Butchers","Newmarket Films","Comedy"
"Comedy_2004_115","Manna From Heaven","Five Sisters Prod…","Comedy"
"Comedy_2004_116","Nine Dead Gay Guys","TLA Releasing","Comedy"
"Comedy_2004_117","Babí léto","First Look","Comedy"
"Comedy_2004_118","What Boys Like","","Comedy"
"Comedy_2004_119","800 balas","TLA Releasing","Comedy"
"Comedy_2005_1","Wedding Crashers","New Line","Comedy"
"Comedy_2005_2","The Longest Yard","Paramount Pictures","Comedy"
"Comedy_2005_3","Meet the Fockers","Universal","Comedy"
"Comedy_2005_4","The Pacifier","Walt Disney","Comedy"
"Comedy_2005_5","The 40 Year-old Virgin","Universal","Comedy"
"Comedy_2005_6","Monster-in-Law","New Line","Comedy"
"Comedy_2005_7","The Dukes of Hazzard","Warner Bros.","Comedy"
"Comedy_2005_8","Guess Who","Sony Pictures","Comedy"
"Comedy_2005_9","Bewitched","Sony Pictures","Comedy"
"Comedy_2005_10","Fun With Dick And Jane","Sony Pictures","Comedy"
"Comedy_2005_11","Be Cool","MGM","Comedy"
"Comedy_2005_12","Kicking and Screaming","Universal","Comedy"
"Comedy_2005_13","Yours, Mine and Ours","Paramount Pictures","Comedy"
"Comedy_2005_14","Miss Congeniality 2: Armed …","Warner Bros.","Comedy"
"Comedy_2005_15","In Good Company","Universal","Comedy"
"Comedy_2005_16","The Family Stone","20th Century Fox","Comedy"
"Comedy_2005_17","Beauty Shop","MGM","Comedy"
"Comedy_2005_18","The Bad News Bears","Paramount Pictures","Comedy"
"Comedy_2005_19","Because of Winn-Dixie","20th Century Fox","Comedy"
"Comedy_2005_20","Rumor Has It","Warner Bros.","Comedy"
"Comedy_2005_21","Ice Princess","Walt Disney","Comedy"
"Comedy_2005_22","Deuce Bigalow: European Gigolo","Sony Pictures","Comedy"
"Comedy_2005_23","A Lot Like Love","Walt Disney","Comedy"
"Comedy_2005_24","The Ringer","Fox Searchlight","Comedy"
"Comedy_2005_25","Man of the House","Sony Pictures","Comedy"
"Comedy_2005_26","Roll Bounce","Fox Searchlight","Comedy"
"Comedy_2005_27","Rebound","20th Century Fox","Comedy"
"Comedy_2005_28","Waiting...","Lionsgate","Comedy"
"Comedy_2005_29","Fat Albert","20th Century Fox","Comedy"
"Comedy_2005_30","The Honeymooners","Paramount Pictures","Comedy"
"Comedy_2005_31","Spanglish","Sony Pictures","Comedy"
"Comedy_2005_32","In the Mix","Lionsgate","Comedy"
"Comedy_2005_33","The Life Aquatic with Steve…","Walt Disney","Comedy"
"Comedy_2005_34","The Man","New Line","Comedy"
"Comedy_2005_35","Millions","Fox Searchlight","Comedy"
"Comedy_2005_36","The Aristocrats","ThinkFilm","Comedy"
"Comedy_2005_37","Kiss Kiss, Bang Bang","Warner Bros.","Comedy"
"Comedy_2005_38","King's Ransom","New Line","Comedy"
"Comedy_2005_39","Me and You and Everyone We …","IFC Films","Comedy"
"Comedy_2005_40","Melinda and Melinda","Fox Searchlight","Comedy"
"Comedy_2005_41","El Vacilón: The Movie","Freestyle Releasing","Comedy"
"Comedy_2005_42","Salaam Namaste","Yash Raj Films","Comedy"
"Comedy_2005_43","Thumbsucker","Sony Pictures Cla…","Comedy"
"Comedy_2005_44","Saving Face","Sony Pictures Cla…","Comedy"
"Comedy_2005_45","Après vous...","Paramount Vantage","Comedy"
"Comedy_2005_46","The Thing About My Folks","Picturehouse","Comedy"
"Comedy_2005_47","Saint Ralph","Samuel Goldwyn Films","Comedy"
"Comedy_2005_48","No Entry","Eros Entertainment","Comedy"
"Comedy_2005_49","Christmas with the Kranks","Sony Pictures","Comedy"
"Comedy_2005_50","Schultze Gets the Blues","Paramount Vantage","Comedy"
"Comedy_2005_51","Bluff Master","UTV Communications","Comedy"
"Comedy_2005_52","Mrs. Henderson Presents","Weinstein Co.","Comedy"
"Comedy_2005_53","Mobsters and Mormons","Halestorm Enterta…","Comedy"
"Comedy_2005_54","A Wake in Providence","Indican Pictures","Comedy"
"Comedy_2005_55","Shaadi No. 1","Eros Entertainment","Comedy"
"Comedy_2005_56","Pretty Persuasion","Samuel Goldwyn Films","Comedy"
"Comedy_2005_57","Christmas in the Clouds","Slowhand Cinema","Comedy"
"Comedy_2005_58","Up & Down","Sony Pictures Cla…","Comedy"
"Comedy_2005_59","Nina's Tragedies","WellSpring","Comedy"
"Comedy_2005_60","Down and Derby","Freestyle Releasing","Comedy"
"Comedy_2005_61","El abrazo partido","New Yorker","Comedy"
"Comedy_2005_62","I Heart Huckabees","Fox Searchlight","Comedy"
"Comedy_2005_63","Uncle Nino","Lange","Comedy"
"Comedy_2005_64","Eating Out","Ariztical Enterta…","Comedy"
"Comedy_2005_65","Dirty Deeds","Freestyle Releasing","Comedy"
"Comedy_2005_66","The Boys from County Clare","First Look","Comedy"
"Comedy_2005_67","Cote d'Azur","Strand","Comedy"
"Comedy_2005_68","Napoleon Dynamite","Fox Searchlight","Comedy"
"Comedy_2005_69","5×2","ThinkFilm","Comedy"
"Comedy_2005_70","Garcon Stupide","Picture This Ente…","Comedy"
"Comedy_2005_71","Sons of Provo","Halestorm Enterta…","Comedy"
"Comedy_2005_72","Fear and Trembling","Cinema Guild","Comedy"
"Comedy_2005_73","Ek Khiladi Ek Haseena","Eros Entertainment","Comedy"
"Comedy_2005_74","Torremolinos 73","First Run Features","Comedy"
"Comedy_2005_75","Funny Ha Ha","Goodbye Cruel Rel…","Comedy"
"Comedy_2005_76","The Syrian Bride","Koch Lorber Films","Comedy"
"Comedy_2005_77","The Talent Given Us","Vitagraph Films","Comedy"
"Comedy_2005_78","Mail Order Wife","First Independent…","Comedy"
"Comedy_2005_79","Dorian Blues","TLA Releasing","Comedy"
"Comedy_2005_80","Home Delivery","Eros Entertainment","Comedy"
"Comedy_2005_81","Le Vieil homme et l enfant","Cinema V","Comedy"
"Comedy_2005_82","Without a Paddle","Paramount Pictures","Comedy"
"Comedy_2005_83","Blackball","First Look","Comedy"
"Comedy_2005_84","Never Been Thawed","Indican Pictures","Comedy"
"Comedy_2005_85","Manna From Heaven","Five Sisters Prod…","Comedy"
"Comedy_2005_86","You, I Love (Ya lyublu tebya)","Picture This Ente…","Comedy"
"Comedy_2005_87","Baptists At Our Barbecue","Film Movement","Comedy"
"Comedy_2005_88","Margaret Cho: Assassin","Regent Releasing","Comedy"
"Comedy_2005_89","Le Grand Role","First Run Features","Comedy"
"Comedy_2005_90","Jiminy Glick in Lalawood","MGM","Comedy"
"Comedy_2005_91","Dirty Love","First Look","Comedy"
"Comedy_2005_92","Cachorro","TLA Releasing","Comedy"
"Comedy_2005_93","Kamikaze Girls","Viz Pictures","Comedy"
"Comedy_2005_94","Straight-Jacket","Regent Releasing","Comedy"
"Comedy_2005_95","Dopo mezzanotte","Avatar","Comedy"
"Comedy_2005_96","Wasabi Tuna","Indican Pictures","Comedy"
"Comedy_2005_97","Ellie Parker","Strand","Comedy"
"Comedy_2005_98","National Lampoon's Barely L…","Sony Pictures","Comedy"
"Comedy_2005_99","Sequins","New Yorker","Comedy"
"Comedy_2005_100","Vodka Lemon","New Yorker","Comedy"
"Comedy_2005_101","Cape of Good Hope","Artistic License","Comedy"
"Comedy_2005_102","Drivers Wanted","Indican Pictures","Comedy"
"Comedy_2005_103","Team America: World Police","Paramount Pictures","Comedy"
"Comedy_2005_104","Sex, Politics & Cocktails","Regent Releasing","Comedy"
"Comedy_2005_105","Screen Door Jesus","Indican Pictures","Comedy"
"Comedy_2005_106","Bigger Than the Sky","MGM","Comedy"
"Comedy_2005_107","The Reception","Strand","Comedy"
"Comedy_2005_108","La Grande Seduction","Odeon Films","Comedy"
"Comedy_2005_109","Night of Henna","Illuminare","Comedy"
"Comedy_2005_110","Jigureul Jikyeora! (Save th…","Koch Lorber Films","Comedy"
"Comedy_2005_111","Formula 17","Strand","Comedy"
"Comedy_2005_112","CSA: The Confederate States…","IFC Films","Comedy"
"Comedy_2005_113","A Tale of Two Pizzas","Cockeyed Caravan","Comedy"
"Comedy_2005_114","Duane Hopwood","IFC Films","Comedy"
"Comedy_2005_115","Go For Zucker","First Run Features","Comedy"
"Comedy_2005_116","A Halfway House Christmas","Lumpy Rock","Comedy"
"Comedy_2005_117","All Babes Want to Kill Me","High Cotton Films","Comedy"
"Comedy_2005_118","Winning Girls Through Psych…","Psychic Girls","Comedy"
"Comedy_2005_119","One More Round","Silver Plane Films","Comedy"
"Comedy_2005_120","Alfie","Paramount Pictures","Comedy"
"Comedy_2005_121","My Big Fat Independent Movie","Big Fat Movies","Comedy"
"Comedy_2005_122","The Helix…Loaded","Romar","Comedy"
"Comedy_2005_123","A Hole in My Heart","Newmarket Films","Comedy"
"Comedy_2005_124","I Love Your Work","ThinkFilm","Comedy"
"Comedy_2005_125","Sex is Comedy","IFC Films","Comedy"
"Comedy_2005_126","Sex Sells: The Making of To…","HB Filmworks","Comedy"
"Comedy_2005_127","Two Men Went to War","Indican Pictures","Comedy"
"Comedy_2005_128","The Raspberry Reich","Strand","Comedy"
"Comedy_2005_129","Spooky House","","Comedy"
"Comedy_2006_1","Talladega Nights: The Balla…","Sony Pictures","Comedy"
"Comedy_2006_2","Click","Sony Pictures","Comedy"
"Comedy_2006_3","Borat","20th Century Fox","Comedy"
"Comedy_2006_4","The Devil Wears Prada","20th Century Fox","Comedy"
"Comedy_2006_5","Scary Movie 4","Weinstein/Dimension","Comedy"
"Comedy_2006_6","Nacho Libre","Paramount Pictures","Comedy"
"Comedy_2006_7","You, Me and Dupree","Universal","Comedy"
"Comedy_2006_8","Big Momma's House 2","20th Century Fox","Comedy"
"Comedy_2006_9","Madea's Family Reunion","Lionsgate","Comedy"
"Comedy_2006_10","The Shaggy Dog","Walt Disney","Comedy"
"Comedy_2006_11","The Benchwarmers","Sony Pictures","Comedy"
"Comedy_2006_12","Little Miss Sunshine","Fox Searchlight","Comedy"
"Comedy_2006_13","Little Man","Sony Pictures","Comedy"
"Comedy_2006_14","Fun With Dick And Jane","Sony Pictures","Comedy"
"Comedy_2006_15","Date Movie","20th Century Fox","Comedy"
"Comedy_2006_16","Stranger Than Fiction","Sony Pictures","Comedy"
"Comedy_2006_17","Last Holiday","Paramount Pictures","Comedy"
"Comedy_2006_18","Man of the Year","Universal","Comedy"
"Comedy_2006_19","Accepted","Universal","Comedy"
"Comedy_2006_20","Deck the Halls","20th Century Fox","Comedy"
"Comedy_2006_21","Employee of the Month","Lionsgate","Comedy"
"Comedy_2006_22","Stick It","Walt Disney","Comedy"
"Comedy_2006_23","Clerks II","MGM","Comedy"
"Comedy_2006_24","My Super Ex-Girlfriend","20th Century Fox","Comedy"
"Comedy_2006_25","ATL","Warner Bros.","Comedy"
"Comedy_2006_26","A Prairie Home Companion","Picturehouse","Comedy"
"Comedy_2006_27","Beerfest","Warner Bros.","Comedy"
"Comedy_2006_28","Aquamarine","20th Century Fox","Comedy"
"Comedy_2006_29","Rumor Has It","Warner Bros.","Comedy"
"Comedy_2006_30","School for Scoundrels","MGM","Comedy"
"Comedy_2006_31","The Family Stone","20th Century Fox","Comedy"
"Comedy_2006_32","Larry the Cable Guy: Health…","Lionsgate","Comedy"
"Comedy_2006_33","The Ringer","Fox Searchlight","Comedy"
"Comedy_2006_34","Friends with Money","Sony Pictures Cla…","Comedy"
"Comedy_2006_35","Bon Cop, Bad Cop","Alliance Films","Comedy"
"Comedy_2006_36","Material Girls","MGM","Comedy"
"Comedy_2006_37","Mrs. Henderson Presents","Weinstein Co.","Comedy"
"Comedy_2006_38","Tenacious D in: The Pick of…","New Line","Comedy"
"Comedy_2006_39","Running With Scissors","Sony Pictures","Comedy"
"Comedy_2006_40","Grandma’s Boy","20th Century Fox","Comedy"
"Comedy_2006_41","For Your Consideration","Warner Independent","Comedy"
"Comedy_2006_42","Volver","Sony Pictures Cla…","Comedy"
"Comedy_2006_43","La science des rêves","Warner Independent","Comedy"
"Comedy_2006_44","Let's Go to Prison","Universal","Comedy"
"Comedy_2006_45","Keeping Up with the Steins","Miramax","Comedy"
"Comedy_2006_46","Van Wilder Deux: The Rise o…","MGM","Comedy"
"Comedy_2006_47","Trailer Park Boys: The Movie","Alliance Films","Comedy"
"Comedy_2006_48","Art School Confidential","Sony Pictures Cla…","Comedy"
"Comedy_2006_49","Yours, Mine and Ours","Paramount Pictures","Comedy"
"Comedy_2006_50","Le Secret de ma Mere","Alliance Films","Comedy"
"Comedy_2006_51","Lage Raho Munna Bhai","Eros Entertainment","Comedy"
"Comedy_2006_52","Strangers with Candy","ThinkFilm","Comedy"
"Comedy_2006_53","The History Boys","Fox Searchlight","Comedy"
"Comedy_2006_54","Shortbus","ThinkFilm","Comedy"
"Comedy_2006_55","Kinky Boots","Miramax","Comedy"
"Comedy_2006_56","Keeping Mum","ThinkFilm","Comedy"
"Comedy_2006_57","Trust the Man","Fox Searchlight","Comedy"
"Comedy_2006_58","Tristram Shandy: A Cock and…","Picturehouse","Comedy"
"Comedy_2006_59","Looking for Comedy in the M…","Warner Independent","Comedy"
"Comedy_2006_60","CSA: The Confederate States…","IFC Films","Comedy"
"Comedy_2006_61","Another Gay Movie","TLA Releasing","Comedy"
"Comedy_2006_62","Bhagam Bhag","Rainbow Releasing","Comedy"
"Comedy_2006_63","Artie Lange's Beer League","Freestyle Releasing","Comedy"
"Comedy_2006_64","Church Ball","Halestone","Comedy"
"Comedy_2006_65","Idiocracy","20th Century Fox","Comedy"
"Comedy_2006_66","When Do We Eat?","ThinkFilm","Comedy"
"Comedy_2006_67","Preaching to the Choir","Innovation Film G…","Comedy"
"Comedy_2006_68","Conversations with Other Women","Fabrication Films","Comedy"
"Comedy_2006_69","Chup Chup Ke","UTV Communications","Comedy"
"Comedy_2006_70","The Syrian Bride","Koch Lorber Films","Comedy"
"Comedy_2006_71","Kabul Express","Yash Raj Films","Comedy"
"Comedy_2006_72","La Moustache","Cinema Guild","Comedy"
"Comedy_2006_73","Wassup Rockers","First Look","Comedy"
"Comedy_2006_74","Malamaal Weekly","Rainbow Releasing","Comedy"
"Comedy_2006_75","The Puffy Chair","IDP/Goldwyn/Roadside","Comedy"
"Comedy_2006_76","Lonesome Jim","IFC Films","Comedy"
"Comedy_2006_77","The Mostly Unfabulous Socia…","Regent Releasing","Comedy"
"Comedy_2006_78","Pyare Mohan","Eros Entertainment","Comedy"
"Comedy_2006_79","Temporada de patos","Warner Independent","Comedy"
"Comedy_2006_80","Queens","Regent Releasing","Comedy"
"Comedy_2006_81","Bluff Master","UTV Communications","Comedy"
"Comedy_2006_82","Game 6","Kindred Media Group","Comedy"
"Comedy_2006_83","The Groomsmen","Bauer Martinez","Comedy"
"Comedy_2006_84","I Am a Sex Addict","IFC First Take","Comedy"
"Comedy_2006_85","Mutual Appreciation","Goodbye Cruel Rel…","Comedy"
"Comedy_2006_86","Wondrous Oblivion","Palm Pictures","Comedy"
"Comedy_2006_87","Suits on the Loose","Halestone","Comedy"
"Comedy_2006_88","Go For Zucker","First Run Features","Comedy"
"Comedy_2006_89","Lü cao di","First Run Features","Comedy"
"Comedy_2006_90","Anthony Kaun Hai","AdLab Films","Comedy"
"Comedy_2006_91","Kalamazoo?","Reel Source","Comedy"
"Comedy_2006_92","Männer wie wir","Regent Releasing","Comedy"
"Comedy_2006_93","The Blossoming of Maximo Ol…","Unico Entertainment","Comedy"
"Comedy_2006_94","Garcon Stupide","Picture This Ente…","Comedy"
"Comedy_2006_95","Mozart and the Whale","","Comedy"
"Comedy_2006_96","Kiss Kiss, Bang Bang","Warner Bros.","Comedy"
"Comedy_2006_97","Eating Out 2: Sloppy Seconds","Artiztical Entert…","Comedy"
"Comedy_2006_98","Screen Door Jesus","Indican Pictures","Comedy"
"Comedy_2006_99","Film Geek","First Run Features","Comedy"
"Comedy_2006_100","The Aristocrats","ThinkFilm","Comedy"
"Comedy_2006_101","Wasabi Tuna","Indican Pictures","Comedy"
"Comedy_2006_102","Dorian Blues","TLA Releasing","Comedy"
"Comedy_2006_103","Blackballed: The Bobby Duke…","The 7th Floor","Comedy"
"Comedy_2006_104","Crazy Like a Fox","Sky Island","Comedy"
"Comedy_2006_105","Familia rodante","Palm Pictures","Comedy"
"Comedy_2006_106","A Wake in Providence","Indican Pictures","Comedy"
"Comedy_2006_107","Ellie Parker","Strand","Comedy"
"Comedy_2006_108","20 centiímetros","TLA Releasing","Comedy"
"Comedy_2006_109","Say Uncle","TLA Releasing","Comedy"
"Comedy_2006_110","The Tollbooth","Castle Hill Produ…","Comedy"
"Comedy_2006_111","Slow Jam King","Unico Entertainment","Comedy"
"Comedy_2006_112","Simon","Strand","Comedy"
"Comedy_2006_113","Roll Bounce","Fox Searchlight","Comedy"
"Comedy_2006_114","Dog Lover's Symphony","Self Distributed","Comedy"
"Comedy_2006_115","Alien Autopsy","Warner Independent","Comedy"
"Comedy_2006_116","The Surfer King","Movin' Picture St…","Comedy"
"Comedy_2006_117","The Long Weekend","Gold Circle Films","Comedy"
"Comedy_2006_118","Cote d'Azur","Strand","Comedy"
"Comedy_2006_119","Doing Time for Patsy Cline","Oilrag Productions","Comedy"
"Comedy_2006_120","Inconscientes","Regent Releasing","Comedy"
"Comedy_2006_121","Issues","Bullz Eye","Comedy"
"Comedy_2006_122","Uncut","Strand","Comedy"
"Comedy_2007_1","Wild Hogs","Walt Disney","Comedy"
"Comedy_2007_2","Superbad","Sony Pictures","Comedy"
"Comedy_2007_3","I Now Pronounce You Chuck a…","Universal","Comedy"
"Comedy_2007_4","Blades of Glory","Paramount Pictures","Comedy"
"Comedy_2007_5","Evan Almighty","Universal","Comedy"
"Comedy_2007_6","Norbit","Paramount Pictures","Comedy"
"Comedy_2007_7","The Game Plan","Walt Disney","Comedy"
"Comedy_2007_8","Fred Claus","Warner Bros.","Comedy"
"Comedy_2007_9","Why Did I Get Married?","Lionsgate","Comedy"
"Comedy_2007_10","Are We Done Yet?","Sony Pictures","Comedy"
"Comedy_2007_11","Epic Movie","20th Century Fox","Comedy"
"Comedy_2007_12","Smokin' Aces","Universal","Comedy"
"Comedy_2007_13","Balls of Fury","Focus Features","Comedy"
"Comedy_2007_14","Juno","Fox Searchlight","Comedy"
"Comedy_2007_15","Mr. Magorium's Wonder Emporium","20th Century Fox","Comedy"
"Comedy_2007_16","The Nanny Diaries","MGM","Comedy"
"Comedy_2007_17","Mr. Woodcock","New Line","Comedy"
"Comedy_2007_18","Hot Fuzz","Focus Features","Comedy"
"Comedy_2007_19","Reno 911!: Miami","20th Century Fox","Comedy"
"Comedy_2007_20","Walk Hard: The Dewey Cox Story","Sony Pictures","Comedy"
"Comedy_2007_21","Hot Rod","Paramount Pictures","Comedy"
"Comedy_2007_22","Firehouse Dog","20th Century Fox","Comedy"
"Comedy_2007_23","The Comebacks","20th Century Fox","Comedy"
"Comedy_2007_24","Daddy Day Camp","Sony Pictures","Comedy"
"Comedy_2007_25","Sydney White","Universal","Comedy"
"Comedy_2007_26","In the Land of Women","Warner Bros.","Comedy"
"Comedy_2007_27","Bratz","Lionsgate","Comedy"
"Comedy_2007_28","Death at a Funeral","MGM","Comedy"
"Comedy_2007_29","Volver","Sony Pictures Cla…","Comedy"
"Comedy_2007_30","Code Name: The Cleaner","New Line","Comedy"
"Comedy_2007_31","Delta Farce","Lionsgate","Comedy"
"Comedy_2007_32","Lars and the Real Girl","MGM","Comedy"
"Comedy_2007_33","Who's Your Caddy?","MGM","Comedy"
"Comedy_2007_34","Kickin It Old Skool","Yari Film Group R…","Comedy"
"Comedy_2007_35","Deux jours à Paris","Samuel Goldwyn Films","Comedy"
"Comedy_2007_36","Borat","20th Century Fox","Comedy"
"Comedy_2007_37","La doublure","Sony Pictures Cla…","Comedy"
"Comedy_2007_38","Avenue Montaigne","ThinkFilm","Comedy"
"Comedy_2007_39","Mon meilleur ami","IFC Films","Comedy"
"Comedy_2007_40","Heyy Babyy","Eros Entertainment","Comedy"
"Comedy_2007_41","L'âge des ténèbres","","Comedy"
"Comedy_2007_42","Bhool Bhulaiyaa","Eros Entertainment","Comedy"
"Comedy_2007_43","Ma Tante Aline","Alliance Films","Comedy"
"Comedy_2007_44","The Brothers Solomon","Sony Pictures","Comedy"
"Comedy_2007_45","The Bucket List","Warner Bros.","Comedy"
"Comedy_2007_46","Ta Ra Rum Pum","Yash Raj Films","Comedy"
"Comedy_2007_47","The History Boys","Fox Searchlight","Comedy"
"Comedy_2007_48","The Ten","ThinkFilm","Comedy"
"Comedy_2007_49","Rocket Science","Picturehouse","Comedy"
"Comedy_2007_50","Jhoom Barabar Jhoom","Yash Raj Films","Comedy"
"Comedy_2007_51","Molière","Sony Pictures Cla…","Comedy"
"Comedy_2007_52","Romance and Cigarettes","Borotoro","Comedy"
"Comedy_2007_53","Wristcutters: A Love Story","Autonomous Films","Comedy"
"Comedy_2007_54","Little Miss Sunshine","Fox Searchlight","Comedy"
"Comedy_2007_55","Mafioso","Rialto Pictures","Comedy"
"Comedy_2007_56","Deck the Halls","20th Century Fox","Comedy"
"Comedy_2007_57","Ten Canoes","Palm Pictures","Comedy"
"Comedy_2007_58","Bhagam Bhag","Rainbow Releasing","Comedy"
"Comedy_2007_59","The Rules of the Game","","Comedy"
"Comedy_2007_60","The TV Set","ThinkFilm","Comedy"
"Comedy_2007_61","Eagle vs Shark","Miramax","Comedy"
"Comedy_2007_62","Ira and Abby","Magnolia Pictures","Comedy"
"Comedy_2007_63","I Want Someone To Eat Chees…","IFC Films","Comedy"
"Comedy_2007_64","Offside","Sony Pictures Cla…","Comedy"
"Comedy_2007_65","Hollywood Dreams","Rainbow Releasing","Comedy"
"Comedy_2007_66","Dhamaal","Shemaroo Entertai…","Comedy"
"Comedy_2007_67","Outsourced","Lantern Lane Ente…","Comedy"
"Comedy_2007_68","The Salon","Freestyle Releasing","Comedy"
"Comedy_2007_69","Severance","Magnolia Pictures","Comedy"
"Comedy_2007_70","For Your Consideration","Warner Independent","Comedy"
"Comedy_2007_71","The Wendell Baker Story","ThinkFilm","Comedy"
"Comedy_2007_72","Tortilla Heaven","Wildcat Releasing","Comedy"
"Comedy_2007_73","Return with Honor: A Missio…","Excel Entertainment","Comedy"
"Comedy_2007_74","Dialogue avec mon jardinier","","Comedy"
"Comedy_2007_75","A fost sau n-a fost?","Tartan Films","Comedy"
"Comedy_2007_76","Delirious","Peace Arch Releasing","Comedy"
"Comedy_2007_77","Colour Me Kubrick: A True..…","Magnolia Pictures","Comedy"
"Comedy_2007_78","Inconscientes","Regent Releasing","Comedy"
"Comedy_2007_79","Diggers","Magnolia Pictures","Comedy"
"Comedy_2007_80","Shortbus","ThinkFilm","Comedy"
"Comedy_2007_81","Finishing the Game","IFC First Take","Comedy"
"Comedy_2007_82","Direktøren for det hele","IFC Films","Comedy"
"Comedy_2007_83","Fakers","Indican Pictures","Comedy"
"Comedy_2007_84","Two Weeks","MGM","Comedy"
"Comedy_2007_85","Randy and the Mob","IFC Films","Comedy"
"Comedy_2007_86","Queens","Regent Releasing","Comedy"
"Comedy_2007_87","Moving McAllister","First Independent…","Comedy"
"Comedy_2007_88","Le Secret de ma Mere","Alliance Films","Comedy"
"Comedy_2007_89","Monkey Warfare","Odeon Films","Comedy"
"Comedy_2007_90","Kabul Express","Yash Raj Films","Comedy"
"Comedy_2007_91","Hood of Horror","","Comedy"
"Comedy_2007_92","Cashback","Magnolia Pictures","Comedy"
"Comedy_2007_93","Great World of Sound","Magnolia Pictures","Comedy"
"Comedy_2007_94","Sing Now or Forever Hold Yo…","Strand","Comedy"
"Comedy_2007_95","Dirty Laundry","The Bigger Picture","Comedy"
"Comedy_2007_96","L'Iceberg","First Run Features","Comedy"
"Comedy_2007_97","Everything's Gone Green","First Independent…","Comedy"
"Comedy_2007_98","Itty Bitty Titty Committee","Pocket Releasing","Comedy"
"Comedy_2007_99","Hei Wong Ji Wong","","Comedy"
"Comedy_2007_100","City Lights","United Artists","Comedy"
"Comedy_2007_101","7 días","Xenon Pictures","Comedy"
"Comedy_2007_102","The Amateurs","Bauer Martinez","Comedy"
"Comedy_2007_103","Keeping Mum","ThinkFilm","Comedy"
"Comedy_2007_104","Full of It","New Line","Comedy"
"Comedy_2007_105","Cut Sleeve Boys","Regent Releasing","Comedy"
"Comedy_2007_106","Buddha Mar Gaya","Eros Entertainment","Comedy"
"Comedy_2007_107","Live Free or Die","ThinkFilm","Comedy"
"Comedy_2007_108","Mutual Appreciation","Goodbye Cruel Rel…","Comedy"
"Comedy_2007_109","Eating Out 2: Sloppy Seconds","Artiztical Entert…","Comedy"
"Comedy_2007_110","I'll Believe You","Stand Up Films","Comedy"
"Comedy_2007_111","Whole New Thing","Picture This Ente…","Comedy"
"Comedy_2007_112","Freshman Orientation","Regent Releasing","Comedy"
"Comedy_2007_113","Van Wilder Deux: The Rise o…","MGM","Comedy"
"Comedy_2007_114","The Sasquatch Gang","Screen Media Films","Comedy"
"Comedy_2007_115","Smiley Face","First Look","Comedy"
"Comedy_2007_116","Fat Girls","Regent Releasing","Comedy"
"Comedy_2007_117","Closing Escrow","Magnolia Pictures","Comedy"
"Comedy_2007_118","Nina's Heavenly Delights","Regent Releasing","Comedy"
"Comedy_2007_119","Weirdsville","Magnolia Pictures","Comedy"
"Comedy_2007_120","And Then Came Love","Fox Meadow","Comedy"
"Comedy_2007_121","The Iron Man","Iron Man Distr","Comedy"
"Comedy_2007_122","Blonde Ambition","First Look","Comedy"
"Comedy_2007_123","Slipstream","Strand","Comedy"
"Comedy_2007_124","Hatsujô kateikyôshi: sensei…","Palm Pictures","Comedy"
"Comedy_2007_125","The Inner Life of Martin Frost","New Yorker","Comedy"
"Comedy_2007_126","Raising Flagg","Cinema Libre","Comedy"
"Comedy_2007_127","The Cop, the Criminal and t…","Lonely Seal Relea…","Comedy"
"Comedy_2007_128","I'm Reed Fish","Screen Media Films","Comedy"
"Comedy_2007_129","Funny Money","ThinkFilm","Comedy"
"Comedy_2007_130","Niwemang","Strand","Comedy"
"Comedy_2007_131","Believe","Kaleidoscope Pict…","Comedy"
"Comedy_2007_132","Adam's Apples","Outsider","Comedy"
"Comedy_2007_133","Strákarnir okkar","Regent Releasing","Comedy"
"Comedy_2007_134","Flakes","IFC Films","Comedy"
"Comedy_2007_135","Lü cao di","First Run Features","Comedy"
"Comedy_2008_1","Sex and the City","Warner Bros.","Comedy"
"Comedy_2008_2","Get Smart","Warner Bros.","Comedy"
"Comedy_2008_3","Four Christmases","Warner Bros.","Comedy"
"Comedy_2008_4","Juno","Fox Searchlight","Comedy"
"Comedy_2008_5","Tropic Thunder","Paramount Pictures","Comedy"
"Comedy_2008_6","Marley & Me","20th Century Fox","Comedy"
"Comedy_2008_7","Step Brothers","Sony Pictures","Comedy"
"Comedy_2008_8","You Don't Mess With the Zohan","Sony Pictures","Comedy"
"Comedy_2008_9","The Bucket List","Warner Bros.","Comedy"
"Comedy_2008_10","Pineapple Express","Sony Pictures","Comedy"
"Comedy_2008_11","Yes Man","Warner Bros.","Comedy"
"Comedy_2008_12","Role Models","Universal","Comedy"
"Comedy_2008_13","Baby Mama","Universal","Comedy"
"Comedy_2008_14","The House Bunny","Sony Pictures","Comedy"
"Comedy_2008_15","Welcome Home Roscoe Jenkins","Universal","Comedy"
"Comedy_2008_16","Meet the Browns","Lionsgate","Comedy"
"Comedy_2008_17","Meet the Spartans","20th Century Fox","Comedy"
"Comedy_2008_18","Harold & Kumar Escape from …","Warner Bros.","Comedy"
"Comedy_2008_19","First Sunday","Sony Pictures","Comedy"
"Comedy_2008_20","The Family That Preys","Lionsgate","Comedy"
"Comedy_2008_21","Semi-Pro","New Line","Comedy"
"Comedy_2008_22","Drillbit Taylor","Paramount Pictures","Comedy"
"Comedy_2008_23","The Love Guru","Paramount Pictures","Comedy"
"Comedy_2008_24","Zack and Miri Make a Porno","Weinstein Co.","Comedy"
"Comedy_2008_25","The Women","Picturehouse","Comedy"
"Comedy_2008_26","Superhero Movie","MGM","Comedy"
"Comedy_2008_27","Vicky Cristina Barcelona","MGM","Comedy"
"Comedy_2008_28","Mad Money","Overture Films","Comedy"
"Comedy_2008_29","My Best Friend's Girl","Lionsgate","Comedy"
"Comedy_2008_30","Swing Vote","Walt Disney","Comedy"
"Comedy_2008_31","Disaster Movie","Lionsgate","Comedy"
"Comedy_2008_32","Miss Pettigrew Lives for a Day","Focus Features","Comedy"
"Comedy_2008_33","Soul Men","MGM","Comedy"
"Comedy_2008_34","Be Kind Rewind","New Line","Comedy"
"Comedy_2008_35","The Visitor","Overture Films","Comedy"
"Comedy_2008_36","Sex Drive","Summit Entertainment","Comedy"
"Comedy_2008_37","Over Her Dead Body","New Line","Comedy"
"Comedy_2008_38","Nothing Like the Holidays","Overture Films","Comedy"
"Comedy_2008_39","An American Carol","Vivendi Entertain…","Comedy"
"Comedy_2008_40","Strange Wilderness","Paramount Vantage","Comedy"
"Comedy_2008_41","The Rocker","20th Century Fox","Comedy"
"Comedy_2008_42","Run, Fatboy, Run","Picturehouse","Comedy"
"Comedy_2008_43","Hamlet 2","Focus Features","Comedy"
"Comedy_2008_44","College","MGM","Comedy"
"Comedy_2008_45","Witless Protection","Lionsgate","Comedy"
"Comedy_2008_46","Charlie Bartlett","MGM","Comedy"
"Comedy_2008_47","Cruising Bar 2","","Comedy"
"Comedy_2008_48","Happy-Go-Lucky","Miramax","Comedy"
"Comedy_2008_49","Bikur Ha-Tizmoret","Sony Pictures Cla…","Comedy"
"Comedy_2008_50","Choke","Fox Searchlight","Comedy"
"Comedy_2008_51","How to Lose Friends & Alien…","MGM","Comedy"
"Comedy_2008_52","Hors de Prix","Samuel Goldwyn Films","Comedy"
"Comedy_2008_53","The Wackness","Sony Pictures Cla…","Comedy"
"Comedy_2008_54","Dans une galaxie pres de ch…","","Comedy"
"Comedy_2008_55","Henry Poole Is Here","Overture Films","Comedy"
"Comedy_2008_56","Son of Rambow: A Home Movie","Paramount Vantage","Comedy"
"Comedy_2008_57","Bienvenue chez les Ch'tis","","Comedy"
"Comedy_2008_58","The Game Plan","Walt Disney","Comedy"
"Comedy_2008_59","What Just Happened","Magnolia Pictures","Comedy"
"Comedy_2008_60","Walk Hard: The Dewey Cox Story","Sony Pictures","Comedy"
"Comedy_2008_61","Mr. Magorium's Wonder Emporium","20th Century Fox","Comedy"
"Comedy_2008_62","Beer for My Horses","Roadside Attractions","Comedy"
"Comedy_2008_63","Fred Claus","Warner Bros.","Comedy"
"Comedy_2008_64","Jaane Tu Ya Jaane Na","UTV Communications","Comedy"
"Comedy_2008_65","Krazzy 4","Eros Entertainment","Comedy"
"Comedy_2008_66","JCVD","Peace Arch Releasing","Comedy"
"Comedy_2008_67","The Hammer","Hammer the Movie","Comedy"
"Comedy_2008_68","The Promotion","Weinstein Co.","Comedy"
"Comedy_2008_69","Everybody Wants to Be Italian","Roadside Attractions","Comedy"
"Comedy_2008_70","Teeth","Roadside Attractions","Comedy"
"Comedy_2008_71","Golmaal Returns","Studio 18","Comedy"
"Comedy_2008_72","L'âge des ténèbres","","Comedy"
"Comedy_2008_73","One Two Three","Eros Entertainment","Comedy"
"Comedy_2008_74","Chaos Theory","Warner Bros.","Comedy"
"Comedy_2008_75","The Foot Fist Way","Paramount Vantage","Comedy"
"Comedy_2008_76","Sixty Six","First Independent…","Comedy"
"Comedy_2008_77","Lars and the Real Girl","MGM","Comedy"
"Comedy_2008_78","Mister Lonely","IFC Films","Comedy"
"Comedy_2008_79","God Tussi Great Ho","Eros Entertainment","Comedy"
"Comedy_2008_80","The Grand","Anchor Bay Entert…","Comedy"
"Comedy_2008_81","Mere Baap Pehle Aap","Shemaroo Entertai…","Comedy"
"Comedy_2008_82","Another Gay Sequel","TLA Releasing","Comedy"
"Comedy_2008_83","Momma's Man","ThinkFilm","Comedy"
"Comedy_2008_84","Kabluey","Regent Releasing","Comedy"
"Comedy_2008_85","Humboldt County","Magnolia Pictures","Comedy"
"Comedy_2008_86","Oye Lucky! Lucky Oye!","UTV Communications","Comedy"
"Comedy_2008_87","99 francs","","Comedy"
"Comedy_2008_88","A Four Letter Word","Embrem Entertainment","Comedy"
"Comedy_2008_89","Kenny","Arcangelo Enterta…","Comedy"
"Comedy_2008_90","Meet Bill","First Look","Comedy"
"Comedy_2008_91","Finding Amanda","Magnolia Pictures","Comedy"
"Comedy_2008_92","L'auberge rouge","","Comedy"
"Comedy_2008_93","Paris","","Comedy"
"Comedy_2008_94","Loins of Punjab Presents","Emerging Pictures","Comedy"
"Comedy_2008_95","Kráska v nesnázich","Menemsha Entertai…","Comedy"
"Comedy_2008_96","Blonde and Blonder","Empire Pictures","Comedy"
"Comedy_2008_97","Romance and Cigarettes","Borotoro","Comedy"
"Comedy_2008_98","Surfer, Dude","Anchor Bay Entert…","Comedy"
"Comedy_2008_99","Familiar Strangers","Cavalier Films","Comedy"
"Comedy_2008_100","The Dukes","CAVU Releasing","Comedy"
"Comedy_2008_101","Sex and Death 101","Anchor Bay Entert…","Comedy"
"Comedy_2008_102","Filth and Wisdom","IFC Films","Comedy"
"Comedy_2008_103","Haebyonui Yoin","New Yorker","Comedy"
"Comedy_2008_104","Expired","MCR Releasing","Comedy"
"Comedy_2008_105","Diminished Capacity","IFC Films","Comedy"
"Comedy_2008_106","All Hat","","Comedy"
"Comedy_2008_107","Poultrygeist: Night of the …","Troma Entertainment","Comedy"
"Comedy_2008_108","Full Grown Men","Emerging Pictures","Comedy"
"Comedy_2008_109","Harold","City Lights Pictures","Comedy"
"Comedy_2008_110","My Mexican Shivah","Emerging Pictures","Comedy"
"Comedy_2008_111","Last Stop for Paul","Mandt Brothers","Comedy"
"Comedy_2008_112","Så som i himmelen","","Comedy"
"Comedy_2008_113","Skid Marks","Diversa Films","Comedy"
"Comedy_2008_114","Young People Fucking","ThinkFilm","Comedy"
"Comedy_2008_115","Little Big Top","Self Distributed","Comedy"
"Comedy_2008_116","Ugly aur Pagli","Shemaroo Entertai…","Comedy"
"Comedy_2008_117","Viva","Vagrant Films","Comedy"
"Comedy_2008_118","Sure Shot Dombrowski","","Comedy"
"Comedy_2008_119","Lower Learning","Anchor Bay Entert…","Comedy"
"Comedy_2008_120","Fat Girls","Regent Releasing","Comedy"
"Comedy_2008_121","Nina's Heavenly Delights","Regent Releasing","Comedy"
"Comedy_2008_122","Miss Conception","First Look","Comedy"
"Comedy_2008_123","How to Rob a Bank","IFC Films","Comedy"
"Comedy_2008_124","Outsourced","Lantern Lane Ente…","Comedy"
"Comedy_2009_1","The Hangover","Warner Bros.","Comedy"
"Comedy_2009_2","Couples Retreat","Universal","Comedy"
"Comedy_2009_3","Julie & Julia","Sony Pictures","Comedy"
"Comedy_2009_4","Madea Goes To Jail","Lionsgate","Comedy"
"Comedy_2009_5","Zombieland","Sony Pictures","Comedy"
"Comedy_2009_6","I Love You, Man","Paramount Pictures","Comedy"
"Comedy_2009_7","17 Again","Warner Bros.","Comedy"
"Comedy_2009_8","Brüno","Universal","Comedy"
"Comedy_2009_9","Bride Wars","20th Century Fox","Comedy"
"Comedy_2009_10","Funny People","Universal","Comedy"
"Comedy_2009_11","I Can Do Bad All By Myself","Lionsgate","Comedy"
"Comedy_2009_12","Land of the Lost","Universal","Comedy"
"Comedy_2009_13","Old Dogs","Walt Disney","Comedy"
"Comedy_2009_14","Year One","Sony Pictures","Comedy"
"Comedy_2009_15","Duplicity","Universal","Comedy"
"Comedy_2009_16","Marley & Me","20th Century Fox","Comedy"
"Comedy_2009_17","The Informant!","Warner Bros.","Comedy"
"Comedy_2009_18","Dance Flick","Paramount Pictures","Comedy"
"Comedy_2009_19","Observe and Report","Warner Bros.","Comedy"
"Comedy_2009_20","The Invention of Lying","Warner Bros.","Comedy"
"Comedy_2009_21","Yes Man","Warner Bros.","Comedy"
"Comedy_2009_22","Fired Up","Sony Pictures","Comedy"
"Comedy_2009_23","The Goods: Live Hard, Sell …","Paramount Vantage","Comedy"
"Comedy_2009_24","I Love You, Beth Cooper","20th Century Fox","Comedy"
"Comedy_2009_25","Whip It","Fox Searchlight","Comedy"
"Comedy_2009_26","Sunshine Cleaning","Overture Films","Comedy"
"Comedy_2009_27","Extract","Miramax","Comedy"
"Comedy_2009_28","De père en flic","","Comedy"
"Comedy_2009_29","Next Day Air","Summit Entertainment","Comedy"
"Comedy_2009_30","Away We Go","Focus Features","Comedy"
"Comedy_2009_31","A Serious Man","Focus Features","Comedy"
"Comedy_2009_32","The Boat That Rocked","Focus Features","Comedy"
"Comedy_2009_33","Bandslam","Summit Entertainment","Comedy"
"Comedy_2009_34","3 Idiots","Big Pictures","Comedy"
"Comedy_2009_35","Miss March","20th Century Fox","Comedy"
"Comedy_2009_36","Trailer Park Boys: Countdow…","","Comedy"
"Comedy_2009_37","My One and Only","Freestyle Releasing","Comedy"
"Comedy_2009_38","Four Christmases","Warner Bros.","Comedy"
"Comedy_2009_39","Rudo y Cursi","Sony Pictures Cla…","Comedy"
"Comedy_2009_40","Les doigts croches","","Comedy"
"Comedy_2009_41","I Hope They Serve Beer in Hell","Freestyle Releasing","Comedy"
"Comedy_2009_42","Paper Heart","Overture Films","Comedy"
"Comedy_2009_43","Paris","","Comedy"
"Comedy_2009_44","De Dana Dan","","Comedy"
"Comedy_2009_45","Ajab Prem Ki Ghazab Kahani","Viva Entertainment","Comedy"
"Comedy_2009_46","Wake Up Sid","UTV Communications","Comedy"
"Comedy_2009_47","Fanboys","Weinstein Co.","Comedy"
"Comedy_2009_48","Play the Game","Slowhand Cinema","Comedy"
"Comedy_2009_49","La fille de Monaco","Magnolia Pictures","Comedy"
"Comedy_2009_50","Role Models","Universal","Comedy"
"Comedy_2009_51","Humpday","Magnolia Pictures","Comedy"
"Comedy_2009_52","Vicky Cristina Barcelona","MGM","Comedy"
"Comedy_2009_53","Luck by Chance","AdLab Films","Comedy"
"Comedy_2009_54","O'Horten","Sony Pictures Cla…","Comedy"
"Comedy_2009_55","Spread","","Comedy"
"Comedy_2009_56","Big Fan","First Independent…","Comedy"
"Comedy_2009_57","Do Knot Disturb","Big Pictures","Comedy"
"Comedy_2009_58","Happy-Go-Lucky","Miramax","Comedy"
"Comedy_2009_59","Tulpan","Zeitgeist","Comedy"
"Comedy_2009_60","Zack and Miri Make a Porno","Weinstein Co.","Comedy"
"Comedy_2009_61","Amarcord","","Comedy"
"Comedy_2009_62","Gentlemen Broncos","Fox Searchlight","Comedy"
"Comedy_2009_63","Monster Beach Party","Indican Pictures","Comedy"
"Comedy_2009_64","Alien Trespass","Roadside Attractions","Comedy"
"Comedy_2009_65","Gigantic","First Independent…","Comedy"
"Comedy_2009_66","Nothing Like the Holidays","Overture Films","Comedy"
"Comedy_2009_67","Motherhood","Freestyle Releasing","Comedy"
"Comedy_2009_68","Skills Like This","Shadow","Comedy"
"Comedy_2009_69","Soul Men","MGM","Comedy"
"Comedy_2009_70","Somers Town","Film Movement","Comedy"
"Comedy_2009_71","Bart Got a Room","Anchor Bay Entert…","Comedy"
"Comedy_2009_72","Mystery Team","Roadside Attractions","Comedy"
"Comedy_2009_73","Beeswax","Cinema Guild","Comedy"
"Comedy_2009_74","Dai-Nipponjin","Magnolia Pictures","Comedy"
"Comedy_2009_75","Absurdistan","First Run Features","Comedy"
"Comedy_2009_76","The Slammin' Salmon","Anchor Bay Entert…","Comedy"
"Comedy_2009_77","The Last International Playboy","","Comedy"
"Comedy_2009_78","JCVD","Peace Arch Releasing","Comedy"
"Comedy_2009_79","Adventures of Power","Variance Films","Comedy"
"Comedy_2009_80","Splinterheads","Paladin","Comedy"
"Comedy_2009_81","Les vacances de M. Hulot","Janus Films","Comedy"
"Comedy_2009_82","L'Argent de poche","New World","Comedy"
"Comedy_2009_83","St. Trinian’s","NeoClassics Films","Comedy"
"Comedy_2009_84","Taxidermia","Regent Releasing","Comedy"
"Comedy_2009_85","Janky Promoters","Third Rail","Comedy"
"Comedy_2009_86","Looking for Palladin","","Comedy"
"Comedy_2009_87","Momma's Man","ThinkFilm","Comedy"
"Comedy_2009_88","The Marc Pease Experience","Paramount Vantage","Comedy"
"Comedy_2009_89","Familiar Strangers","Cavalier Films","Comedy"
"Comedy_2009_90","Sixty Six","First Independent…","Comedy"
"Comedy_2009_91","Teeth","Roadside Attractions","Comedy"
"Comedy_2009_92","Patrik, Age 1.5","","Comedy"
"Comedy_2010_1","Grown Ups","Sony Pictures","Comedy"
"Comedy_2010_2","The Other Guys","Sony Pictures","Comedy"
"Comedy_2010_3","Little Fockers","Universal","Comedy"
"Comedy_2010_4","Due Date","Warner Bros.","Comedy"
"Comedy_2010_5","Date Night","20th Century Fox","Comedy"
"Comedy_2010_6","Sex and the City 2","Warner Bros.","Comedy"
"Comedy_2010_7","Dinner for Schmucks","Paramount Pictures","Comedy"
"Comedy_2010_8","Get Him to the Greek","Universal","Comedy"
"Comedy_2010_9","Easy A","Sony Pictures","Comedy"
"Comedy_2010_10","Hot Tub Time Machine","MGM","Comedy"
"Comedy_2010_11","Cop Out","Warner Bros.","Comedy"
"Comedy_2010_12","Vampires Suck","20th Century Fox","Comedy"
"Comedy_2010_13","Scott Pilgrim vs. The World","Universal","Comedy"
"Comedy_2010_14","Morning Glory","Paramount Pictures","Comedy"
"Comedy_2010_15","You Again","Walt Disney","Comedy"
"Comedy_2010_16","Lottery Ticket","Warner Bros.","Comedy"
"Comedy_2010_17","The Kids Are All Right","Focus Features","Comedy"
"Comedy_2010_18","Our Family Wedding","Fox Searchlight","Comedy"
"Comedy_2010_19","Youth in Revolt","Weinstein/Dimension","Comedy"
"Comedy_2010_20","MacGruber","Universal","Comedy"
"Comedy_2010_21","Cyrus","Fox Searchlight","Comedy"
"Comedy_2010_22","City Island","Anchor Bay Entert…","Comedy"
"Comedy_2010_23","It's Kind of a Funny Story","Focus Features","Comedy"
"Comedy_2010_24","Old Dogs","Walt Disney","Comedy"
"Comedy_2010_25","3 Idiots","Big Pictures","Comedy"
"Comedy_2010_26","Micmacs","Sony Pictures Cla…","Comedy"
"Comedy_2010_27","Golmaal 3","Eros Entertainment","Comedy"
"Comedy_2010_28","I Love You, Phillip Morris","Roadside Attractions","Comedy"
"Comedy_2010_29","Tees Maar Khan","UTV Communications","Comedy"
"Comedy_2010_30","Middle Men","Paramount Vantage","Comedy"
"Comedy_2010_31","Couples Retreat","Universal","Comedy"
"Comedy_2010_32","Pranzo di ferragosto","Zeitgeist","Comedy"
"Comedy_2010_33","The Virginity Hit","Sony Pictures","Comedy"
"Comedy_2010_34","Jack Goes Boating","Overture Films","Comedy"
"Comedy_2010_35","Khatta Meetha","Eros Entertainment","Comedy"
"Comedy_2010_36","Tamara Drewe","Sony Pictures Cla…","Comedy"
"Comedy_2010_37","L'arnacouer","IFC Films","Comedy"
"Comedy_2010_38","The Extra Man","Magnolia Pictures","Comedy"
"Comedy_2010_39","The Trotsky","","Comedy"
"Comedy_2010_40","Today's Special","Reliance Big Pict…","Comedy"
"Comedy_2010_41","Tiny Furniture","IFC Films","Comedy"
"Comedy_2010_42","No Problem","Eros Entertainment","Comedy"
"Comedy_2010_43","Le baiser du barbu","","Comedy"
"Comedy_2010_44","Atithi Tum Kab Jaoge?","Viva Entertainment","Comedy"
"Comedy_2010_45","Rare Exports: A Christmas Tale","Oscilloscope Pict…","Comedy"
"Comedy_2010_46","Parlez-moi de la pluie","IFC Films","Comedy"
"Comedy_2010_47","Wild Target","Freestyle Releasing","Comedy"
"Comedy_2010_48","The Romantics","Four of a Kind Pr…","Comedy"
"Comedy_2010_49","Saint John of Las Vegas","IndieVest Pictures","Comedy"
"Comedy_2010_50","Crazy on the Outside","Freestyle Releasing","Comedy"
"Comedy_2010_51","Rosencrantz and Guildenstei…","Indican Pictures","Comedy"
"Comedy_2010_52","Dulha Mil Gaya","Viva Entertainment","Comedy"
"Comedy_2010_53","Patrik, Age 1.5","","Comedy"
"Comedy_2010_54","Le code a changé","IFC Films","Comedy"
"Comedy_2010_55","Les vacances de M. Hulot","Janus Films","Comedy"
"Comedy_2010_56","A Serious Man","Focus Features","Comedy"
"Comedy_2010_57","Mystery Team","Roadside Attractions","Comedy"
"Comedy_2010_58","36 vues du Pic Saint Loup","Cinema Guild","Comedy"
"Comedy_2010_59","Lbs.","Truly Indie","Comedy"
"Comedy_2010_60","Expecting Mary","Rocky Mountain Pi…","Comedy"
"Comedy_2010_61","BoyBand","Artigo Ajemian Films","Comedy"
"Comedy_2010_62","Tamo i ovde","","Comedy"
"Comedy_2010_63","The Boat That Rocked","Focus Features","Comedy"
"Comedy_2010_64","Trash Humpers","","Comedy"
"Comedy_2010_65","Douchebag","Paladin","Comedy"
"Comedy_2010_66","L'Argent de poche","New World","Comedy"
"Comedy_2010_67","Paper Man","MPI Media Group","Comedy"
"Comedy_2010_68","Hey, Hey, It's Esther Blueb…","Monterey Media","Comedy"
"Comedy_2010_69","Violet Tendencies","Embrem Entertainment","Comedy"
"Comedy_2010_70","White Wedding","The Little Film C…","Comedy"
"Comedy_2010_71","Misconceptions","Regent Releasing","Comedy"
"Comedy_2010_72","Beeswax","Cinema Guild","Comedy"
"Comedy_2010_73","The Winning Season","Roadside Attractions","Comedy"
"Comedy_2010_74","Big Fan","First Independent…","Comedy"
"Comedy_2010_75","Amarcord","","Comedy"
"Comedy_2010_76","My Year Without Sex","Strand","Comedy"
"Comedy_2010_77","The Slammin' Salmon","Anchor Bay Entert…","Comedy"
"Comedy_2010_78","El Súperstar: The Unlikely …","Cinema Libre","Comedy"
"Comedy_2010_79","Drool","Strand","Comedy"
"Comedy_2010_80","To Die is Hard","Driving With Our …","Comedy"
"Comedy_2011_1","The Hangover Part II","Warner Bros.","Comedy"
"Comedy_2011_2","Bridesmaids","Universal","Comedy"
"Comedy_2011_3","Horrible Bosses","Warner Bros.","Comedy"
"Comedy_2011_4","Bad Teacher","Sony Pictures","Comedy"
"Comedy_2011_5","Gnomeo and Juliet","Walt Disney","Comedy"
"Comedy_2011_6","Crazy, Stupid, Love","Warner Bros.","Comedy"
"Comedy_2011_7","Tower Heist","Universal","Comedy"
"Comedy_2011_8","Jack and Jill","Sony Pictures","Comedy"
"Comedy_2011_9","Madea’s Big Happy Family","Lionsgate","Comedy"
"Comedy_2011_10","The Dilemma","Universal","Comedy"
"Comedy_2011_11","Little Fockers","Universal","Comedy"
"Comedy_2011_12","Hall Pass","Warner Bros.","Comedy"
"Comedy_2011_13","Big Mommas: Like Father, Li…","20th Century Fox","Comedy"
"Comedy_2011_14","Paul","Universal","Comedy"
"Comedy_2011_15","The Change-Up","Universal","Comedy"
"Comedy_2011_16","A Very Harold & Kumar 3D Ch…","Warner Bros.","Comedy"
"Comedy_2011_17","The Sitter","20th Century Fox","Comedy"
"Comedy_2011_18","Our Idiot Brother","Weinstein Co.","Comedy"
"Comedy_2011_19","Your Highness","Universal","Comedy"
"Comedy_2011_20","Young Adult","Paramount Pictures","Comedy"
"Comedy_2011_21","Prom","Walt Disney","Comedy"
"Comedy_2011_22","I Don't Know How She Does It","Weinstein Co.","Comedy"
"Comedy_2011_23","The Big Year","20th Century Fox","Comedy"
"Comedy_2011_24","Take Me Home Tonight","Relativity","Comedy"
"Comedy_2011_25","Cedar Rapids","Fox Searchlight","Comedy"
"Comedy_2011_26","The Guard","Sony Pictures Cla…","Comedy"
"Comedy_2011_27","Starbuck","Entertainment One","Comedy"
"Comedy_2011_28","Le sens de l’humour","Alliance Films","Comedy"
"Comedy_2011_29","Bucky Larson: Born to Be a …","Sony Pictures","Comedy"
"Comedy_2011_30","The Trip","IFC Films","Comedy"
"Comedy_2011_31","Potiche","Music Box Films","Comedy"
"Comedy_2011_32","Delhi Belly","UTV Communications","Comedy"
"Comedy_2011_33","Breakaway","Alliance Films","Comedy"
"Comedy_2011_34","Due Date","Warner Bros.","Comedy"
"Comedy_2011_35","Desi Boyz","Eros Entertainment","Comedy"
"Comedy_2011_36","Yamla Pagla Deewana","Eros Entertainment","Comedy"
"Comedy_2011_37","The Beaver","Summit Entertainment","Comedy"
"Comedy_2011_38","Redi","Eros Entertainment","Comedy"
"Comedy_2011_39","I Love You, Phillip Morris","Roadside Attractions","Comedy"
"Comedy_2011_40","Les femmes du 6ème étage","Seville","Comedy"
"Comedy_2011_41","Terri","ATO Pictures","Comedy"
"Comedy_2011_42","Double Dhamaal","Reliance Big Pict…","Comedy"
"Comedy_2011_43","Le nom des gens","Music Box Films","Comedy"
"Comedy_2011_44","Submarine","Weinstein Co.","Comedy"
"Comedy_2011_45","Morning Glory","Paramount Pictures","Comedy"
"Comedy_2011_46","Tanu Weds Manu","Viva Entertainment","Comedy"
"Comedy_2011_47","Rien à déclarer","Entertainment One","Comedy"
"Comedy_2011_48","The Last Godfather","Roadside Attractions","Comedy"
"Comedy_2011_49","Pastorela","Lionsgate","Comedy"
"Comedy_2011_50","A Good Old Fashioned Orgy","Samuel Goldwyn Films","Comedy"
"Comedy_2011_51","3D Sex and Zen: Extreme Ecs…","China Lion Film D…","Comedy"
"Comedy_2011_52","Dil Toh Baccha Hai Ji","Viva Entertainment","Comedy"
"Comedy_2011_53","Labios Rojos","Lionsgate","Comedy"
"Comedy_2011_54","Wo Zhi Nv Ren Xin","China Lion Film D…","Comedy"
"Comedy_2011_55","Kaboom","IFC Films","Comedy"
"Comedy_2011_56","Tiny Furniture","IFC Films","Comedy"
"Comedy_2011_57","Henry's Crime","Motion Pictures F…","Comedy"
"Comedy_2011_58","A Little Help","Freestyle Releasing","Comedy"
"Comedy_2011_59","Evil Bong 3 The Wrath Of Bong!","Full Moon Features","Comedy"
"Comedy_2011_60","Co Dau Dai Chien","Variance Films","Comedy"
"Comedy_2011_61","Dao Jian Xiao","China Lion Film D…","Comedy"
"Comedy_2011_62","Tees Maar Khan","UTV Communications","Comedy"
"Comedy_2011_63","CornerStore","Shotown Pictures","Comedy"
"Comedy_2011_64","Tamara Drewe","Sony Pictures Cla…","Comedy"
"Comedy_2011_65","Meet Monica Velour","Anchor Bay Entert…","Comedy"
"Comedy_2011_66","Octubre","New Yorker","Comedy"
"Comedy_2011_67","Cat Run","Paladin","Comedy"
"Comedy_2011_68","Salvation Boulevard","IFC Films","Comedy"
"Comedy_2011_69","Caesar & Otto's Summer Camp…","Nocturnal Features","Comedy"
"Comedy_2011_70","The Other Woman","IFC Films","Comedy"
"Comedy_2011_71","Immigration Tango","Roadside Attractions","Comedy"
"Comedy_2011_72","Bheja Fry 2","","Comedy"
"Comedy_2011_73","Rare Exports: A Christmas Tale","Oscilloscope Pict…","Comedy"
"Comedy_2011_74","4 aventures de Reinette et …","The Film Desk","Comedy"
"Comedy_2011_75","The Chaperone","Samuel Goldwyn Films","Comedy"
"Comedy_2011_76","Peep World","IFC Films","Comedy"
"Comedy_2011_77","Sympathy for Delicious","Maya Releasing","Comedy"
"Comedy_2011_78","Elektra Luxx","Samuel Goldwyn Films","Comedy"
"Comedy_2011_79","Matrimonio all'italiana","Kino Classics","Comedy"
"Comedy_2011_80","Certifiably Jonathan","","Comedy"
"Comedy_2011_81","Janie Jones","TriBeca Films","Comedy"
"Comedy_2011_82","Chillar Party","UTV Communications","Comedy"
"Comedy_2011_83","The Worst Movie EVER!","Hiltz Squared","Comedy"
"Comedy_2011_84","Flypaper","IFC Films","Comedy"
"Comedy_2011_85","The Catechism Cataclysm","IFC Midnight","Comedy"
"Comedy_2011_86","Fancypants","Humble Pie Films","Comedy"
"Comedy_2011_87","Balls to the Wall","Midwest Movies","Comedy"
"Comedy_2011_88","About Fifty","Screen Media Films","Comedy"
"Comedy_2011_89","To Die is Hard","Driving With Our …","Comedy"
"Comedy_2011_90","Love, Wedding, Marriage","IFC Films","Comedy"
"Comedy_2011_91","36 vues du Pic Saint Loup","Cinema Guild","Comedy"
"Comedy_2011_92","They’re Out of Business","IFC Films","Comedy"
"Comedy_2011_93","L'Argent de poche","New World","Comedy"
"Comedy_2011_94","Violet Tendencies","Embrem Entertainment","Comedy"
"Comedy_2011_95","Rosencrantz and Guildenstei…","Indican Pictures","Comedy"
"Comedy_2012_1","Ted","Universal","Comedy"
"Comedy_2012_2","21 Jump Street","Sony Pictures","Comedy"
"Comedy_2012_3","Magic Mike","Warner Bros.","Comedy"
"Comedy_2012_4","The Campaign","Warner Bros.","Comedy"
"Comedy_2012_5","Tyler Perry's Madea's Witne…","Lionsgate","Comedy"
"Comedy_2012_6","Pitch Perfect","Universal","Comedy"
"Comedy_2012_7","The Dictator","Paramount Pictures","Comedy"
"Comedy_2012_8","American Reunion","Universal","Comedy"
"Comedy_2012_9","Project X","Warner Bros.","Comedy"
"Comedy_2012_10","This is 40","Universal","Comedy"
"Comedy_2012_11","The Best Exotic Marigold Hotel","Fox Searchlight","Comedy"
"Comedy_2012_12","The Three Stooges","20th Century Fox","Comedy"
"Comedy_2012_13","Here Comes the Boom","Sony Pictures","Comedy"
"Comedy_2012_14","That’s My Boy","Sony Pictures","Comedy"
"Comedy_2012_15","The Watch","20th Century Fox","Comedy"
"Comedy_2012_16","The Guilt Trip","Paramount Pictures","Comedy"
"Comedy_2012_17","One for the Money","Lionsgate","Comedy"
"Comedy_2012_18","A Thousand Words","Paramount Pictures","Comedy"
"Comedy_2012_19","Wanderlust","Universal","Comedy"
"Comedy_2012_20","Seven Psychopaths","CBS Films","Comedy"
"Comedy_2012_21","Hit & Run","Open Road","Comedy"
"Comedy_2012_22","Les Intouchables","Weinstein Co.","Comedy"
"Comedy_2012_23","Fun Size","Paramount Pictures","Comedy"
"Comedy_2012_24","Seeking a Friend for the En…","Focus Features","Comedy"
"Comedy_2012_25","Casa de mi Padre","Lionsgate","Comedy"
"Comedy_2012_26","Jeff, Who Lives at Home","Paramount Vantage","Comedy"
"Comedy_2012_27","Goon","Alliance Films","Comedy"
"Comedy_2012_28","Safety Not Guaranteed","FilmDistrict","Comedy"
"Comedy_2012_29","The Sitter","20th Century Fox","Comedy"
"Comedy_2012_30","Young Adult","Paramount Pictures","Comedy"
"Comedy_2012_31","Dabangg 2","Eros Entertainment","Comedy"
"Comedy_2012_32","Jack and Jill","Sony Pictures","Comedy"
"Comedy_2012_33","Housefull 2","Eros Entertainment","Comedy"
"Comedy_2012_34","For a Good Time, Call","Focus Features","Comedy"
"Comedy_2012_35","Tower Heist","Universal","Comedy"
"Comedy_2012_36","Darling Companion","Sony Pictures Cla…","Comedy"
"Comedy_2012_37","Rowdy Rathore","UTV Communications","Comedy"
"Comedy_2012_38","Blue Like Jazz","Roadside Attractions","Comedy"
"Comedy_2012_39","Peace, Love, and Misunderst…","IFC Films","Comedy"
"Comedy_2012_40","Habemus Papam","IFC Films","Comedy"
"Comedy_2012_41","Bachelorette","Weinstein Co.","Comedy"
"Comedy_2012_42","Ferrari Ki Sawaari","Eros Entertainment","Comedy"
"Comedy_2012_43","The Oranges","ATO Pictures","Comedy"
"Comedy_2012_44","Liberal Arts","IFC Films","Comedy"
"Comedy_2012_45","Gianni e le donne","Zeitgeist","Comedy"
"Comedy_2012_46","Lola Versus","Fox Searchlight","Comedy"
"Comedy_2012_47","My Uncle Rafael","Slater Brothers E…","Comedy"
"Comedy_2012_48","Les petits mouchoirs","MPI Media Group","Comedy"
"Comedy_2012_49","Tim and Eric's Billion Doll…","Magnet Pictures","Comedy"
"Comedy_2012_50","Joker","UTV Communications","Comedy"
"Comedy_2012_51","'Luv Shuv Tey Chicken Khurana","UTV Communications","Comedy"
"Comedy_2012_52","High School","Anchor Bay Entert…","Comedy"
"Comedy_2012_53","A Very Harold & Kumar 3D Ch…","Warner Bros.","Comedy"
"Comedy_2012_54","Få meg på, for faen","New Yorker","Comedy"
"Comedy_2012_55","The Perfect Family","Variance Films","Comedy"
"Comedy_2012_56","The Obama Effect","ARC Entertainment","Comedy"
"Comedy_2012_57","La source des femmes","Mongrel Media","Comedy"
"Comedy_2012_58","Butter","Weinstein Co.","Comedy"
"Comedy_2012_59","Rang zidan fei","Well Go USA","Comedy"
"Comedy_2012_60","Natural Selection","Cinema Guild","Comedy"
"Comedy_2012_61","The Comedy","TriBeca Films","Comedy"
"Comedy_2012_62","Et si on vivait tous ensemble?","Kino Lorber","Comedy"
"Comedy_2012_63","La fee","Kino Lorber","Comedy"
"Comedy_2012_64","The Inbetweeners","Wrekin Hill Enter…","Comedy"
"Comedy_2012_65","Dai juk hei kek","China Lion Film D…","Comedy"
"Comedy_2012_66","L!fe Happens","PMK*BNC","Comedy"
"Comedy_2012_67","Sound of Noise","Magnolia Pictures","Comedy"
"Comedy_2012_68","The Guard","Sony Pictures Cla…","Comedy"
"Comedy_2012_69","Lay the Favorite","Radius","Comedy"
"Comedy_2012_70","The Graduate","Embassy","Comedy"
"Comedy_2012_71","Mon pire cauchemar","Strand","Comedy"
"Comedy_2012_72","Kung Fu Joe","Indican Pictures","Comedy"
"Comedy_2012_73","Gayby","The Film Collabor…","Comedy"
"Comedy_2012_74","6 Month Rule","Secret Identity P…","Comedy"
"Comedy_2012_75","Reuniting the Rubins","Monterey Media","Comedy"
"Comedy_2012_76","Sophomore","Pillen's Farm Pic…","Comedy"
"Comedy_2012_77","The Color Wheel","APD/Cinema Conser…","Comedy"
"Comedy_2012_78","The Trouble With Bliss","7A Productions","Comedy"
"Comedy_2012_79","Husbands in Goa","UTV Communications","Comedy"
"Comedy_2012_80","The Do-Deca-Pentathlon","Red Flag Releasing","Comedy"
"Comedy_2012_81","Small, Beautifully Moving P…","Long Shot Factory","Comedy"
"Comedy_2012_82","Brooklyn Brothers Beat the …","Oscilloscope Pict…","Comedy"
"Comedy_2012_83","Price Check","IFC Films","Comedy"
"Comedy_2012_84","Grassroots","Samuel Goldwyn Films","Comedy"
"Comedy_2012_85","The Man Who Shook the Hand …","Indican Pictures","Comedy"
"Comedy_2012_86","Buzzkill","Indican Pictures","Comedy"
"Comedy_2012_87","The Babymakers","Alchemy","Comedy"
"Comedy_2012_88","A Liar's Autobiography - Th…","Brainstorm Media","Comedy"
"Comedy_2012_89","The Worst Movie EVER!","Hiltz Squared","Comedy"
"Comedy_2012_90","Newlyweds","TriBeca Films","Comedy"
"Comedy_2012_91","The Man in the White Suit","","Comedy"
"Comedy_2012_92","Loosies","IFC Films","Comedy"
"Comedy_2012_93","Why Stop Now","IFC Films","Comedy"
"Comedy_2012_94","4 aventures de Reinette et …","The Film Desk","Comedy"
"Comedy_2012_95","The Decoy Bride","IFC Films","Comedy"
"Comedy_2012_96","Nature Calls","Magnet Pictures","Comedy"
"Comedy_2013_1","The Heat","20th Century Fox","Comedy"
"Comedy_2013_2","We’re the Millers","Warner Bros.","Comedy"
"Comedy_2013_3","Identity Thief","Universal","Comedy"
"Comedy_2013_4","Grown Ups 2","Sony Pictures","Comedy"
"Comedy_2013_5","The Hangover 3","Warner Bros.","Comedy"
"Comedy_2013_6","Anchorman 2: The Legend Con…","Paramount Pictures","Comedy"
"Comedy_2013_7","Jackass Presents: Bad Grandpa","Paramount Pictures","Comedy"
"Comedy_2013_8","This is the End","Sony Pictures","Comedy"
"Comedy_2013_9","The Best Man Holiday","Universal","Comedy"
"Comedy_2013_10","Warm Bodies","Lionsgate","Comedy"
"Comedy_2013_11","Last Vegas","CBS Films","Comedy"
"Comedy_2013_12","Tyler Perry's A Madea Chris…","Lionsgate","Comedy"
"Comedy_2013_13","The Internship","20th Century Fox","Comedy"
"Comedy_2013_14","No se Aceptan Devoluciones","Lionsgate","Comedy"
"Comedy_2013_15","A Haunted House","Open Road","Comedy"
"Comedy_2013_16","Blue Jasmine","Sony Pictures Cla…","Comedy"
"Comedy_2013_17","Scary Movie V","Weinstein Co.","Comedy"
"Comedy_2013_18","Delivery Man","Walt Disney","Comedy"
"Comedy_2013_19","The World's End","Focus Features","Comedy"
"Comedy_2013_20","21 and Over","Relativity","Comedy"
"Comedy_2013_21","Grudge Match","Warner Bros.","Comedy"
"Comedy_2013_22","The Incredible Burt Wonders…","Warner Bros.","Comedy"
"Comedy_2013_23","The Way Way Back","Fox Searchlight","Comedy"
"Comedy_2013_24","Quartet","Weinstein Co.","Comedy"
"Comedy_2013_25","Enough Said","Fox Searchlight","Comedy"
"Comedy_2013_26","This is 40","Universal","Comedy"
"Comedy_2013_27","Peeples","Lionsgate","Comedy"
"Comedy_2013_28","Movie 43","Relativity","Comedy"
"Comedy_2013_29","The Guilt Trip","Paramount Pictures","Comedy"
"Comedy_2013_30","Frances Ha","IFC Films","Comedy"
"Comedy_2013_31","The To Do List","CBS Films","Comedy"
"Comedy_2013_32","In a World...","Roadside Attractions","Comedy"
"Comedy_2013_33","Unfinished Song","Weinstein Co.","Comedy"
"Comedy_2013_34","Seethamma Vakitlo Sirimalle…","Ficus","Comedy"
"Comedy_2013_35","Girl Most Likely","Roadside Attractions","Comedy"
"Comedy_2013_36","Los amantes pasajeros","Sony Pictures Cla…","Comedy"
"Comedy_2013_37","The Kings of Summer","CBS Films","Comedy"
"Comedy_2013_38","Here Comes the Boom","Sony Pictures","Comedy"
"Comedy_2013_39","Thanks for Sharing","Roadside Attractions","Comedy"
"Comedy_2013_40","Les saveurs du Palais","Mongrel Media","Comedy"
"Comedy_2013_41","Alceste a bicyclette","Mongrel Media","Comedy"
"Comedy_2013_42","Pitch Perfect","Universal","Comedy"
"Comedy_2013_43","Si Ren Ding Zhi","China Lion Film D…","Comedy"
"Comedy_2013_44","Starbuck","Entertainment One","Comedy"
"Comedy_2013_45","The Angels’ Share","IFC Films","Comedy"
"Comedy_2013_46","Chashme Baddoor","Viva Entertainment","Comedy"
"Comedy_2013_47","InAPPropriate Comedy","Freestyle Releasing","Comedy"
"Comedy_2013_48","Prince Avalanche","Magnolia Pictures","Comedy"
"Comedy_2013_49","Ghanchakkar","UTV Communications","Comedy"
"Comedy_2013_50","Crystal Fairy","IFC Films","Comedy"
"Comedy_2013_51","Populaire","Mongrel Media","Comedy"
"Comedy_2013_52","Afternoon Delight","Film Arcade","Comedy"
"Comedy_2013_53","A.C.O.D.","Film Arcade","Comedy"
"Comedy_2013_54","Syngue sabour, pierre de pa…","Sony Pictures Cla…","Comedy"
"Comedy_2013_55","Fukrey","Excel Entertainment","Comedy"
"Comedy_2013_56","Lost and Found in Armenia","High Top Releasing","Comedy"
"Comedy_2013_57","Computer Chess","Kino Lorber","Comedy"
"Comedy_2013_58","Somebody Up There Likes Me","TriBeca Films","Comedy"
"Comedy_2013_59","Settai","UTV Communications","Comedy"
"Comedy_2013_60","Reality","Oscilloscope Pict…","Comedy"
"Comedy_2013_61","Stuck in Love","Alchemy","Comedy"
"Comedy_2013_62","It's a Disaster","Oscilloscope Pict…","Comedy"
"Comedy_2013_63","The English Teacher","Cinedigm","Comedy"
"Comedy_2013_64","C.O.G.","Screen Media Films","Comedy"
"Comedy_2013_65","Wrong","Drafthouse Films","Comedy"
"Comedy_2013_66","A Glimpse Inside the Mind o…","A24","Comedy"
"Comedy_2013_67","Struck By Lightning","TriBeca Films","Comedy"
"Comedy_2013_68","Les Intouchables","Weinstein Co.","Comedy"
"Comedy_2013_69","Nosotros Los Nobles","Lionsgate","Comedy"
"Comedy_2013_70","Language of a Broken Heart","House Lights Media","Comedy"
"Comedy_2013_71","Let My People Go!","Zeitgeist","Comedy"
"Comedy_2013_72","Mental","Dada Films","Comedy"
"Comedy_2013_73","The History of Future Folk","Variance Films","Comedy"
"Comedy_2013_74","Le Pont du Nord","The Film Desk","Comedy"
"Comedy_2013_75","Dealin' with Idiots","IFC Films","Comedy"
"Comedy_2013_76","Picture Day","ARC Entertainment","Comedy"
"Comedy_2013_77","Midget Zombie Takeover","Driving With Our …","Comedy"
"Comedy_2013_78","If I Were You","Kino Lorber","Comedy"
"Comedy_2013_79","Zero Charisma","TriBeca Films","Comedy"
"Comedy_2013_80","Ghost Team One","Film Arcade","Comedy"
"Comedy_2013_81","Desperate Acts of Magic","","Comedy"
"Comedy_2013_82","Breakfast with Curtis","","Comedy"
"Comedy_2013_83","The Worst Movie EVER!","Hiltz Squared","Comedy"
"Comedy_2013_84","Do Not Disturb","Mongrel Media","Comedy"
"Comedy_2013_85","Mon pire cauchemar","Strand","Comedy"
"Comedy_2013_86","Supporting Characters","TriBeca Films","Comedy"
"Comedy_2013_87","The Man Who Shook the Hand …","Indican Pictures","Comedy"
"Comedy_2013_88","All is Bright","Anchor Bay Entert…","Comedy"
"Comedy_2013_89","The Kitchen","Monterey Media","Comedy"
"Comedy_2013_90","The Happy Poet","Cinema Libre","Comedy"
"Comedy_2013_91","Superstar","Mongrel Media","Comedy"
"Comedy_2013_92","Et si on vivait tous ensemble?","Kino Lorber","Comedy"
"Comedy_2013_93","The Ghastly Love of Johnny X","Strand","Comedy"
"Comedy_2013_94","InSpectres","Reacter 88 Studios","Comedy"
"Comedy_2013_95","L'Argent de poche","New World","Comedy"
"Comedy_2013_96","Best Man Down","Magnolia Pictures","Comedy"
"Comedy_2013_97","Detention of the Dead","Anchor Bay Entert…","Comedy"
"Comedy_2013_98","Eddie: The Sleepwalking Can…","Doppelganger Rele…","Comedy"
"Comedy_2013_99","La grande boucle","Mongrel Media","Comedy"
"Comedy_2013_100","Syrup","Magnolia Pictures","Comedy"
"Comedy_2013_101","To Die is Hard","Driving With Our …","Comedy"
"Comedy_2014_1","22 Jump Street","Sony Pictures","Comedy"
"Comedy_2014_2","Neighbors","Universal","Comedy"
"Comedy_2014_3","Ride Along","Universal","Comedy"
"Comedy_2014_4","Dumb and Dumber To","Universal","Comedy"
"Comedy_2014_5","Tammy","Warner Bros.","Comedy"
"Comedy_2014_6","The Other Woman","20th Century Fox","Comedy"
"Comedy_2014_7","Let’s Be Cops","20th Century Fox","Comedy"
"Comedy_2014_8","The Grand Budapest Hotel","Fox Searchlight","Comedy"
"Comedy_2014_9","The Hundred-Foot Journey","Walt Disney","Comedy"
"Comedy_2014_10","St. Vincent","Weinstein Co.","Comedy"
"Comedy_2014_11","Sex Tape","Sony Pictures","Comedy"
"Comedy_2014_12","This is Where I Leave You","Warner Bros.","Comedy"
"Comedy_2014_13","Chef","Open Road","Comedy"
"Comedy_2014_14","Top Five","Paramount Pictures","Comedy"
"Comedy_2014_15","Ghostbusters","Sony Pictures","Comedy"
"Comedy_2014_16","Anchorman 2: The Legend Con…","Paramount Pictures","Comedy"
"Comedy_2014_17","A Haunted House 2","Open Road","Comedy"
"Comedy_2014_18","Tyler Perry's The Single Mo…","Lionsgate","Comedy"
"Comedy_2014_19","And So It Goes","Clarius Entertain…","Comedy"
"Comedy_2014_20","P.K.","UTV Communications","Comedy"
"Comedy_2014_21","Bad Words","Focus Features","Comedy"
"Comedy_2014_22","Grudge Match","Warner Bros.","Comedy"
"Comedy_2014_23","Dear White People","Lionsgate/Roadsid…","Comedy"
"Comedy_2014_24","My Old Lady","Cohen Media Group","Comedy"
"Comedy_2014_25","Fading Gigolo","Alchemy","Comedy"
"Comedy_2014_26","Wish I Was Here","Focus Features","Comedy"
"Comedy_2014_27","The Interview","Sony Pictures","Comedy"
"Comedy_2014_28","The Grand Seduction","Entertainment One","Comedy"
"Comedy_2014_29","The Trip to Italy","IFC Films","Comedy"
"Comedy_2014_30","Tyler Perry's A Madea Chris…","Lionsgate","Comedy"
"Comedy_2014_31","Trailer Park Boys 3: Don’t …","Entertainment One","Comedy"
"Comedy_2014_32","Dr. Cabbie","Eros Entertainment","Comedy"
"Comedy_2014_33","Last Vegas","CBS Films","Comedy"
"Comedy_2014_34","Delivery Man","Walt Disney","Comedy"
"Comedy_2014_35","Xin Hua Lu Fang","China Lion Film D…","Comedy"
"Comedy_2014_36","Land Ho!","Sony Pictures Cla…","Comedy"
"Comedy_2014_37","Men, Women and Children","Paramount Pictures","Comedy"
"Comedy_2014_38","Blue Jasmine","Sony Pictures Cla…","Comedy"
"Comedy_2014_39","Frank","Magnolia Pictures","Comedy"
"Comedy_2014_40","Dom Hemingway","Fox Searchlight","Comedy"
"Comedy_2014_41","Les vacances du petit Nicolas","Mongrel Media","Comedy"
"Comedy_2014_42","A Hard Day's Night","Universal","Comedy"
"Comedy_2014_43","Jackass Presents: Bad Grandpa","Paramount Pictures","Comedy"
"Comedy_2014_44","Women Who Flirt","China Lion Film D…","Comedy"
"Comedy_2014_45","Comme un chef","Cohen Media Group","Comedy"
"Comedy_2014_46","Main Tera Hero","Eros Entertainment","Comedy"
"Comedy_2014_47","Life of Crime","Lionsgate/Roadsid…","Comedy"
"Comedy_2014_48","Entertainment","B4U Movies","Comedy"
"Comedy_2014_49","Wei ai zhi jian ru jia jing","China Lion Film D…","Comedy"
"Comedy_2014_50","Hundraåringen som klev ut g…","Mongrel Media","Comedy"
"Comedy_2014_51","The Double","Magnolia Pictures","Comedy"
"Comedy_2014_52","Conte d’été","Big World Pictures","Comedy"
"Comedy_2014_53","9 mois ferme","Mongrel Media","Comedy"
"Comedy_2014_54","Alan Partridge","Magnolia Pictures","Comedy"
"Comedy_2014_55","Knights of Badassdom","Entertainment One","Comedy"
"Comedy_2014_56","The Art of the Steal","RADiUS-TWC","Comedy"
"Comedy_2014_57","Feuchtgebiete","Strand","Comedy"
"Comedy_2014_58","Walk of Shame","Focus Features","Comedy"
"Comedy_2014_59","Cuban Fury","Entertainment One","Comedy"
"Comedy_2014_60","Enough Said","Fox Searchlight","Comedy"
"Comedy_2014_61","Filmistan","UTV Communications","Comedy"
"Comedy_2014_62","Elsa & Fred","Alchemy","Comedy"
"Comedy_2014_63","Not Cool","Starz Media","Comedy"
"Comedy_2014_64","La ritournelle","Mongrel Media","Comedy"
"Comedy_2014_65","The Best Man Holiday","Universal","Comedy"
"Comedy_2014_66","Six Dance Lessons in Six Weeks","Dada Films","Comedy"
"Comedy_2014_67","Ping Pong Summer","Gravitas Ventures","Comedy"
"Comedy_2014_68","Happy Christmas","Magnolia Pictures","Comedy"
"Comedy_2014_69","Last Weekend","IFC Films","Comedy"
"Comedy_2014_70","Attila Marcel","Mongrel Media","Comedy"
"Comedy_2014_71","Si Ren Ding Zhi","China Lion Film D…","Comedy"
"Comedy_2014_72","Believe Me","Riot Studios","Comedy"
"Comedy_2014_73","Adult World","IFC Films","Comedy"
"Comedy_2014_74","Menu degustacio","Magnolia Pictures","Comedy"
"Comedy_2014_75","Risate di gioia","Rialto Pictures","Comedy"
"Comedy_2014_76","Kelly & Cal","IFC Films","Comedy"
"Comedy_2014_77","The Pretty One","Dada Films","Comedy"
"Comedy_2014_78","Quai d’Orsay","","Comedy"
"Comedy_2014_79","Los insolitos peces gato","Strand","Comedy"
"Comedy_2014_80","Les Infideles","Weinstein Co.","Comedy"
"Comedy_2014_81","De l'autre côté du périph","Weinstein Co.","Comedy"
"Comedy_2014_82","Days and Nights","IFC Films","Comedy"
"Comedy_2014_83","The Animal Project","Mongrel Media","Comedy"
"Comedy_2014_84","Eternity: The Movie","Vagrant Films","Comedy"
"Comedy_2014_85","Life Partners","Magnolia Pictures","Comedy"
"Comedy_2014_86","The Olivia Experiment","Indican Pictures","Comedy"
"Comedy_2014_87","Love & Air Sex","TriBeca Films","Comedy"
"Comedy_2014_88","The Worst Movie EVER!","Hiltz Squared","Comedy"
"Comedy_2014_89","Alceste a bicyclette","Mongrel Media","Comedy"
"Comedy_2014_90","Hollidaysburg","Starz Media","Comedy"
"Comedy_2014_91","Life’s a Breeze","Magnolia Pictures","Comedy"
"Comedy_2014_92","Tip Top","Kino Lorber","Comedy"
"Comedy_2014_93","Jake Squared","Freestyle Releasing","Comedy"
"Comedy_2014_94","To Die is Hard","Driving With Our …","Comedy"
"Comedy_2014_95","Two-Bit Waltz","Monterey Media","Comedy"
"Comedy_2014_96","Arrete ou je continue","Film Movement","Comedy"
"Comedy_2014_97","Pret a tout","Rialto Pictures","Comedy"
"Comedy_2014_98","Demi-Soeur","Rialto Pictures","Comedy"
"Comedy_2014_99","Free the Nipple","IFC Films","Comedy"
"Comedy_2014_100","Frances Ha","IFC Films","Comedy"
"Comedy_2014_101","Barbecue","Distrib Films","Comedy"
"Comedy_2014_102","Computer Chess","Kino Lorber","Comedy"
"Comedy_2015_1","Pitch Perfect 2","Universal","Comedy"
"Comedy_2015_2","Spy!","20th Century Fox","Comedy"
"Comedy_2015_3","Trainwreck","Universal","Comedy"
"Comedy_2015_4","Daddy’s Home","Paramount Pictures","Comedy"
"Comedy_2015_5","Get Hard","Warner Bros.","Comedy"
"Comedy_2015_6","Ted 2","Universal","Comedy"
"Comedy_2015_7","The Intern","Warner Bros.","Comedy"
"Comedy_2015_8","Magic Mike XXL","Warner Bros.","Comedy"
"Comedy_2015_9","The Wedding Ringer","Sony Pictures","Comedy"
"Comedy_2015_10","Vacation","Warner Bros.","Comedy"
"Comedy_2015_11","Focus","Warner Bros.","Comedy"
"Comedy_2015_12","Sisters","Universal","Comedy"
"Comedy_2015_13","The Night Before","Sony Pictures","Comedy"
"Comedy_2015_14","Hot Pursuit","Warner Bros.","Comedy"
"Comedy_2015_15","The DUFF","CBS Films","Comedy"
"Comedy_2015_16","The Second Best Exotic Mari…","Fox Searchlight","Comedy"
"Comedy_2015_17","Entourage","Warner Bros.","Comedy"
"Comedy_2015_18","Love the Coopers","CBS Films","Comedy"
"Comedy_2015_19","Burnt","Weinstein Co.","Comedy"
"Comedy_2015_20","Hot Tub Time Machine 2","Paramount Pictures","Comedy"
"Comedy_2015_21","Unfinished Business","20th Century Fox","Comedy"
"Comedy_2015_22","While We're Young","A24","Comedy"
"Comedy_2015_23","Grandma","Sony Pictures Cla…","Comedy"
"Comedy_2015_24","Danny Collins","Bleecker Street","Comedy"
"Comedy_2015_25","Irrational Man","Sony Pictures Cla…","Comedy"
"Comedy_2015_26","Scouts Guide to the Zombie …","Paramount Pictures","Comedy"
"Comedy_2015_27","What We Do in the Shadows","Unison/Paladin","Comedy"
"Comedy_2015_28","Relatos salvajes","Sony Pictures Cla…","Comedy"
"Comedy_2015_29","Ladrones","Lionsgate","Comedy"
"Comedy_2015_30","Tanu Weds Manu Returns","Eros Entertainment","Comedy"
"Comedy_2015_31","Rock the Kasbah","Open Road","Comedy"
"Comedy_2015_32","The Interview","Sony Pictures","Comedy"
"Comedy_2015_33","Mistress America","Fox Searchlight","Comedy"
"Comedy_2015_34","Tamasha","UTV Communications","Comedy"
"Comedy_2015_35","Top Five","Paramount Pictures","Comedy"
"Comedy_2015_36","Infinitely Polar Bear","Sony Pictures Cla…","Comedy"
"Comedy_2015_37","Welcome Back","Eros Entertainment","Comedy"
"Comedy_2015_38","Dumb and Dumber To","Universal","Comedy"
"Comedy_2015_39","Gang jiong","Well Go USA","Comedy"
"Comedy_2015_40","Miss You Already","Roadside Attractions","Comedy"
"Comedy_2015_41","The Overnight","The Orchard","Comedy"
"Comedy_2015_42","Hundraåringen som klev ut g…","Mongrel Media","Comedy"
"Comedy_2015_43","P.K.","UTV Communications","Comedy"
"Comedy_2015_44","Tangerine","Magnolia Pictures","Comedy"
"Comedy_2015_45","The D Train","IFC Films","Comedy"
"Comedy_2015_46","St. Vincent","Weinstein Co.","Comedy"
"Comedy_2015_47","Welcome to Me","Alchemy","Comedy"
"Comedy_2015_48","Shaandaar","Fox International","Comedy"
"Comedy_2015_49","Gun dan ba! Zhong liu jun","China Lion Film D…","Comedy"
"Comedy_2015_50","The Grand Budapest Hotel","Fox Searchlight","Comedy"
"Comedy_2015_51","En duva satt på en gren och…","Magnolia Pictures","Comedy"
"Comedy_2015_52","Anomalisa","Paramount Pictures","Comedy"
"Comedy_2015_53","Dope","Open Road","Comedy"
"Comedy_2015_54","Samba","Entertainment One","Comedy"
"Comedy_2015_55","Forever Young","China Lion Film D…","Comedy"
"Comedy_2015_56","Road Hard","FilmBuff","Comedy"
"Comedy_2015_57","She's Funny That Way","Lionsgate","Comedy"
"Comedy_2015_58","Adult Beginners","RADiUS-TWC","Comedy"
"Comedy_2015_59","Results","Magnolia Pictures","Comedy"
"Comedy_2015_60","Christmas Eve","Unstuck LLC","Comedy"
"Comedy_2015_61","Six Dance Lessons in Six Weeks","Dada Films","Comedy"
"Comedy_2015_62","E gun tian shi","China Lion Film D…","Comedy"
"Comedy_2015_63","Güeros","Kino Lorber","Comedy"
"Comedy_2015_64","Shao nian ban","China Lion Film D…","Comedy"
"Comedy_2015_65","Appropriate Behavior","Gravitas Ventures","Comedy"
"Comedy_2015_66","The Forbidden Room","Kino Lorber","Comedy"
"Comedy_2015_67","Don Verdean","Lionsgate","Comedy"
"Comedy_2015_68","People, Places, Things","Film Arcade","Comedy"
"Comedy_2015_69","Wei ai zhi jian ru jia jing","China Lion Film D…","Comedy"
"Comedy_2015_70","Match","IFC Films","Comedy"
"Comedy_2015_71","Paulette","Cohen Media Group","Comedy"
"Comedy_2015_72","7 Chinese Brothers","Screen Media Films","Comedy"
"Comedy_2015_73","Dear White People","Lionsgate/Roadsid…","Comedy"
"Comedy_2015_74","Elsa & Fred","Alchemy","Comedy"
"Comedy_2015_75","Preggoland","Mongrel Media","Comedy"
"Comedy_2015_76","Metropolitan","","Comedy"
"Comedy_2015_77","Friends and Romans","Paladin","Comedy"
"Comedy_2015_78","Campanadas a medianoche","Janus Films","Comedy"
"Comedy_2015_79","The Little Death","Magnolia Pictures","Comedy"
"Comedy_2015_80","Hits","Honora Productions","Comedy"
"Comedy_2015_81","Eli","Eros Entertainment","Comedy"
"Comedy_2015_82","Risate di gioia","Rialto Pictures","Comedy"
"Comedy_2015_83","Hross i oss","Music Box Films","Comedy"
"Comedy_2015_84","L'enlèvement de Michel Houe…","Kino Lorber","Comedy"
"Comedy_2015_85","Just Before I Go","Anchor Bay/Freestyle","Comedy"
"Comedy_2015_86","My Old Lady","Cohen Media Group","Comedy"
"Comedy_2015_87","Wild Canaries","IFC Films","Comedy"
"Comedy_2015_88","Still Life","TriBeca Films","Comedy"
"Comedy_2015_89","Yi ge shao zi","Clarius Entertain…","Comedy"
"Comedy_2015_90","Mememe no kurage","","Comedy"
"Comedy_2015_91","Arrete ou je continue","Film Movement","Comedy"
"Comedy_2015_92","Gone Doggy Gone","Indican Pictures","Comedy"
"Comedy_2015_93","El critico","Music Box Films","Comedy"
"Comedy_2015_94","Li'l Quinquin","Kino Lorber","Comedy"
"Comedy_2015_95","Guidance","Strand","Comedy"
"Comedy_2015_96","Sex, Death and Bowling","Monterey Media","Comedy"
"Comedy_2015_97","Tu dors Nicole","Kino Lorber","Comedy"
"Comedy_2015_98","Les vacances du petit Nicolas","Mongrel Media","Comedy"
"Comedy_2015_99","The Voices","Lionsgate","Comedy"
"Comedy_2015_100","SBK The-Movie","Hanover Multimedia","Comedy"
"Comedy_2015_101","Gerontophilia","Strand","Comedy"
"Comedy_2015_102","Barely Lethal","A24","Comedy"
"Comedy_2015_103","Ashby","Film Arcade","Comedy"
"Comedy_2015_104","What We Did on Our Holiday","Lionsgate","Comedy"
"Comedy_2015_105","The Worst Movie EVER!","Hiltz Squared","Comedy"
"Comedy_2015_106","Three Night Stand","Myriad Entertainm…","Comedy"
"Comedy_2015_107","La rançon de la gloire","Mongrel Media","Comedy"
"Comedy_2015_108","Tip Top","Kino Lorber","Comedy"
"Comedy_2015_109","Drunk Wedding","Paramount Pictures","Comedy"
"Comedy_2015_110","Anita Ho","Indican Pictures","Comedy"
"Comedy_2015_111","De la guerre","Indican Pictures","Comedy"
"Comedy_2015_112","L.A. Slasher","Archstone Enterta…","Comedy"
"Comedy_2015_113","Women Who Flirt","China Lion Film D…","Comedy"
"Comedy_2015_114","Life Partners","Magnolia Pictures","Comedy"
"Comedy_2015_115","Eternity: The Movie","Vagrant Films","Comedy"
"Comedy_2015_116","Conte d’été","Big World Pictures","Comedy"
"Comedy_2015_117","Fonzy","Distrib Films","Comedy"
"Comedy_2015_118","Chic!","Distrib Films","Comedy"
"Comedy_2015_119","Two-Bit Waltz","Monterey Media","Comedy"
"Comedy_2015_120","The Olivia Experiment","Indican Pictures","Comedy"
"Comedy_2015_121","Lou! Journal infime","Distrib Films","Comedy"
"Comedy_2015_122","Chicas Paranoicas","","Comedy"
